index,article,name,brand,model,own_price,category,supplier,old_price,discount
0,kom-384,Шкаф Компанит КШ 11 Венге (kom-384),Компанит,,5811.3,,,,
1,kom-365,Шкаф-стеллаж Компанит КШ 8 Орех Экко (kom-365),Компанит,,3657.5,,,,
2,kom-327,Стеллаж Компанит КШ 2 Дуб сонома (kom-327),Компанит,,5236.0,,,,
3,TD1011-CP,Нож SOG Traction Satin (TD1011-CP),SOG,,1344.0,,,,
4,11043,"Сумка SHVIGEL 11043 Черная, Черный",SHVIGEL,,4782.0,,,6463.0,
5,TS49BK-M,Футболка Dobermans Aggressive Rebellion M Черный (TS49BK-M),Dobermans Aggressive,,1715.0,,,,
6,BZ193BK-XXL,Толстовка Dobermans Offensive XXL Черный (BZ193BK-XXL),Dobermans Aggressive,,4574.0,,,,
7,1.3713.T7,Швейцарский нож Victorinox Huntsman (1.3713.T7),Victorinox,,3479.0,,,,
8,BN-set-travel-8,Набор BlankNote Тревел-кейс + тревел-кейс с хлястиком + 2 брелока Рим для пары (BN-set-travel-8),BlankNote,,1870.0,,,1968.0,
9,New-108,Кровать Компанит 140 х 200 Стиль Белый (New-108),Компанит,,6526.3,,,,
10,EG86812,Потолочный светильник EGLO 86812 OPTICA (EG86812),Eglo,,4925.0,,,,
11,komA27,Прихожая Фаина А5 Компанит Ольха (komA27),Компанит,,13907.3,,,,
12,Sil-819,Серебряные серьги Sil с золотыми накладками 118s-3 Гранат (Sil-819),SIL,,3073.35,,,,
13,tau_krp345_00094ks,Сумка-барсетка Fashi AS00094 Черный (tau_krp345_00094ks),Fashi,,1200.0,,,,
14,0704876-18,Серебряное кольцо Silver Breeze с топазом nano Лондон Блю 18 размер (0704876-18),Silver Breeze,,2465.0,,,,
15,1985151-1720,Серебряный браслет SilverBreeze с фианитами (1985151) 1720 размер,Silver Breeze,,2818.0,,,,
16,TI-STREAM2O,Палатка Terra Incognita Stream 2 Оранжевый (TI-STREAM2O),Terra Incognita,,11124.0,,,,
17,TI-TPRK4O,Палатка Terra Incognita TopRock 4 Оранжевый (TI-TPRK4O),Terra Incognita,,16604.0,,,,
18,TI-01619R,Спальник Terra Incognita Siesta 300 Long R правий Зелений / сірий (TI-01619R),Terra Incognita,,3181.0,,,,
19,hub_viKY71213,Модульная картина Декор Карпати XL8s 187х99 см (hub_viKY71213),Декор Карпати,,2499.0,,,2799.0,
20,hub_HHbQ56324,Настенные часы ProfART на холсте 30 x 53 см Девушки пьют кофе (L-636_S),ProfART,,889.0,,,1089.0,
21,hub_kDaA23955,Модульная картина на холсте ProfART XL130 из трех частей 167 x 99 см Monkey Man (hub_kDaA23955),ProfART,,2499.0,,,2799.0,
22,hub_sUXA82299,Модульная картина на холсте ProfART XL11 167 x 99 см Закат на пляже (hub_sUXA82299),ProfART,,2499.0,,,2799.0,
23,850,Зажим для галстука Lindenmann 73040 (850),Lindenmann,,2175.0,,,,
24,377,Ремень женский Lindenmann The art of belt 40087 Коричневый (377),Lindenmann,,2715.75,,,3195.0,
25,1234709-17.5,Серебряное кольцо SilverBreeze с натуральным изумрудом 17.5 (1234709),Silver Breeze,,4209.0,,,,
26,437-2,Дорожная сумка Wallaby Синий (437-2),Wallaby,,1399.0,,,,
27,sns0034,Мужское термобелье Sesto Senso Active L Черный с серым (sns0034),Sesto Senso,,1858.0,,,,
28,PLM5 761,Модульная картина из 5 частей Декор Карпати 120х80 см (PLM5 761),Декор Карпати,,1859.0,,,2159.0,
29,PLM5 91,Модульная картина из 5 частей Декор Карпати 120х80 см (PLM5 91),Декор Карпати,,1859.0,,,2159.0,
30,chf41,Настенные часы-картина на холсте Декор Карпати 80x120 см (chf41),Декор Карпати,,2229.0,,,2529.0,
31,SO2718,Роскошный вибромассажер PILLOW TALK - Sultry Teal с кристаллом Сваровски (SO2718),Pillow Talk,,4879.0,,,,
32,DH0679,Дисплей для Sony Xperia Z3 D6603/ D6633/ D6643/ D6653 с сенсором Black (DH0679),Sony,,1288.0,,,,
33,2900055052017,Джинсы Tony 42 Голубой (T-4-001),Tony,,1590.0,,,4700.0,
34,PLM4 208,Модульная картина из 4 частей Декор Карпати 118х75 см (PLM4 208),Декор Карпати,,1569.0,,,1869.0,
35,10000055,Кровать Карисса Tenero 1600х2000 Белый бархат (10000055),Tenero,,8283.0,,,,
36,100000139,Кровать Tenero Амис Мини Белый (100000139),Tenero,,6309.0,,,,
37,1456477-17.5,Серебряное кольцо SilverBreeze с натуральным мистик топазом 1456477 17.5 размер,Silver Breeze,,3252.0,,,,
38,0163305,Серебряные серьги SilverBreeze с натуральным рубином (0163305),Silver Breeze,,5425.0,,,,
39,1913178-17.5,Серебряное кольцо SilverBreeze с натуральным мистик топазом 1913178 17.5 размер,Silver Breeze,,2543.0,,,,
40,BN-TK-6-nn,Кожаный тревел-кейс BlankNote 6.0 Crazy Horse Темно-синий (BN-TK-6-nn),BlankNote,,1980.0,,,,
41,1000002101,Диван-кровать Tenero Самшит 800х2000 мм Белый (1000002101),Tenero,,7247.0,,,,
42,86ud4h,Тумба ТВ МГ-1 Компанит ольха,Компанит,,4635.4,,,,
43,20842,Зажигалка ZIPPO 218 BLACK MATTE ANARCHY (20842),Zippo,,2035.0,,,,
44,5599S_Красный-черный_39,Шиповки беговые planeta-sport Health 5599S 39 Красно-черный,No Brand,,1406.0,,,,
45,HFKFGK89FJ,Металлоискатель Discovery Tracker RAIDER MD6350 с аккумуляторами и зарядкой+наушники (HFKFGK89FJ),Discovery Tracker,,7330.0,,,9600.0,
46,No296GA,Уличный фонарь Norlys Halmstad 296GA,Norlys,,17023.0,,,,
47,id124179,Бра Ideal Lux Holiday 124179 Черный,Ideal Lux,,5405.0,,,,
48,MI1675,Душевая колонна со смесителем MIXXUS PREMIUM RETRO Chr-009-J (MI1675),Mixxus,,6256.0,,,,
49,HB0174,Смеситель для душа Haiba HANSBERG 003 матовый (HB0174),Haiba,,2284.0,,,,
50,5139-18594,Мужские ботинки Lesko 998 Черный 40 тактические (5139-18594),Lesko,,1259.0,,,1385.0,
51,hub_oi1v83,Муравьиная Ферма комплект для новичка No Brand Стандарт Амазонка Зеленый (hub_oi1v83),No Brand,,1999.0,,,2500.0,
52,230966,Тарелка Degrenne Paris Bahia Blue de Roche 29 см Темно-синий 230966,Degrenne Paris,,1830.0,,,,
53,6.7192.F3,"Набор кухонний из 3-х предметов ""Victorinox"" SwissClassic Table Set  с черными ручками в жестком пластиковом чехле (6.7192.F3)",Victorinox,,3057.0,,,,
54,5799-19403,Кукольный дом конструктор DIY Cute Room L-027 Pink house 3D (5799-19403),Cute Room,,1351.0,,,1622.0,
55,1054-017.0091,Термокружка Esbit MGF450TL Серый (1054-017.0091),Esbit,,1535.0,,,,
56,1054-006.1150,Черевики Zamberlan New Trail Lite GTX 44 Chestnut (1054-006.1150),Zamberlan,,10650.0,,,,
57,229260,Набор салфеток 2 шт Degrenne Paris Linge de Table 35x50см Коралловый 229260,Degrenne Paris,,1470.0,,,,
58,TermicoEKOP15,Пиролизный котел Termico ЕКО-15П,Termico,,54599.0,,,,
59,ЛС30,Скамья GoodsMetall в стиле ЛОФТ 1400х450х400 ЛС30,GoodsMetall,,14384.0,,,,
60,СТЖ131,Стеллаж GoodsMetall в стиле Лофт 2200х1000х450мм СТЖ131,GoodsMetall,,25655.0,,,,
61,ЛС69,Скамья GoodsMetall в стиле ЛОФТ 1700х450х450 - ЛС69,GoodsMetall,,14237.0,,,,
62,ВШ58,Вешалка рейл GoodsMetall в стиле Лофт 1400х1200х500мм Партнер,GoodsMetall,,4922.0,,,,
63,ВШ70,Вешалка в прихожую GoodsMetall из металла и дерева в стиле Лофт 1900х900х350мм Митчелл,GoodsMetall,,14596.0,,,,
64,М8,Мангал кованый GoodsMetall М8,GoodsMetall,,13176.0,,,,
65,TA680,Теплоаккумулятор Termico без изоляции 680 л,Termico,,18580.0,,,,
66,1054-012.004.1171,Куртка Turbat Kleva Kap Terracotta XS (1054-012.004.1171),Turbat,,3770.0,,,,
67,1052-3420216 3349,Рюкзак Deuter AC Lite 22 SL Blueberry-Turquoise (1052-3420216 3349),Deuter,,4738.0,,,,
68,1060-ТE-Р038BL,Рюкзак Travel Extreme Panda 35 L  Blue (1060-ТE-Р038BL),Travel Extreme,,2498.0,,,,
69,1033-TAT 2213.040,Сумочка Tatonka Ilium L Black (1033-TAT 2213.040),Tatonka,,1125.0,,,,
70,1046-732792,"Термос Primus Food Vacuum Bottle 1,5 л (1046-732792)",Primus,,2728.0,,,,
71,KAY-01801-9061-45,Черевики Kayland Ascent K GTX Синій (KAY-01801-9061-45),Kayland,,5818.0,,,,
72,hub_93czkb,Прихожая Бриз ТО-4 + вешалка + К-5 Эверест венге комби,Эверест,,11970.2,,,,
73,700048,Комод Тиса Мебель АКМ-24 2 Лесной орех 90x60x90 см,Тиса Мебель,,13222.0,,,,
74,700055,Комод Тиса Мебель АКМ-28 1 Лесной орех 90x45x120 см,Тиса Мебель,,12103.0,,,,
75,700187,Комод с надстройкой Тиса Мебель К-182р Венге Дуб молочный 183x47x80 см,Тиса Мебель,,8122.0,,,,
76,700359,Комод прикроватный Тиса Мебель КП-102 Венге Дуб молочный 55x47x90 см,Тиса Мебель,,5257.0,,,,
77,521660242,Уличный фонарь TRIO RHINE 521660242,Trio,,7661.0,,,,
78,EG63189,Точечный светильник Eglo Черный  (EG63189),Eglo,,2279.0,,,,
79,EG96671,Точечный светильник Eglo 96671 FUEVA-C,Eglo,,3313.0,,,,
80,800019,Шафа-Пенал Тиса Мебель ШС-117 Дуб сонома 166x35x100 см,Тиса Мебель,,7269.0,,,,
81,2072829-17,Серебряное кольцо SilverBreeze с натуральным рубином 2.388ct (2072829) 17 размер,Silver Breeze,,3532.0,,,,
82,TSVA-762MF,Удилище Team Salmo Vantage 5-14g/2.31m,Team Salmo,,5632.0,,,,
83,ДК3,Дровница из металла GoodsMetall в стиле Лофт 1600х350х350 ДК3,GoodsMetall,,7869.0,,,,
84,1052-P21 SPE,Блок-ролик Petzl Tandem Speed (1052-P21 SPE),Petzl,,4600.0,,,,
85,Art-79_XXL,Модульна картина Poster-land Білі Коні Art-79_XXL,Poster-land,,2199.0,,,2499.0,
86,Art-106_XXL,Модульна картина Poster-land Лондон Міст Art-106_XXL,Poster-land,,2199.0,,,2499.0,
87,Art-119_XXL,Модульна картина Poster-land Природа Коні Art-119_XXL,Poster-land,,2199.0,,,2499.0,
88,35975,Фара передняя Sigma Aura 60 USB 60 Lux Черный (OBP177),Sigma,,2200.0,,,,
89,1403909524,Дозатор для антисептика Svavo PL151049S на стойке с белым каплеулавливателем  (PL151049S-BPK),Svavo,,4900.0,,,,
90,101033,Доводчик ATIS DC-5036-BC White,ATIS,,1755.0,,,,
91,111127,Уголок MBK-500NZL монтажный для системы контроля доступа,Yli Electronic,,1395.0,,,,
92,100546,Беспроводной датчик движения и разбития Ajax CombiProtect black ЕU,Ajax,,3049.0,,,,
93,EH80R Spring,Водонагреватель Willer EH80R серия Spring,Willer,,11389.0,,,,
94,1259,Кресло груша Tia-Sport Оксфорд 120х90 см коричневый (sm-0809-24),Tia-Sport,,2076.0,,,2491.0,
95,406,Кресло мешок Tia-Sport Панда 90х60 см (sm-0089),Tia-Sport,,1632.0,,,1958.0,
96,hub_hapn5u,Шкаф Компанит Стиль 23 Венге темный + Венге светлый,Компанит,,6048.9,,,,
97,hub_4vpx56,Комод Компанит 4Д Нимфея альба (92х45х99 см),Компанит,,4774.0,,,,
98,1054-015.0726,Кепка Trekmates Atacama Cap Limestone S/M (1054-015.0726),Trekmates,,1597.0,,,,
99,4966,Педаль эффектов Electro-Harmonix Volume Pedal,Electro-Harmonix,,3634.0,,,,
100,3935058,Кровать Компанит 90х200 Дуб сонома,Компанит,,4592.5,,,,
101,345683,Тумба под ТВ Компанит Плазма Дуб сонома (120х38х43 см),Компанит,,3907.2,,,,
102,1617529266/3,Куртка Intruder Easy softshell ХL Хаки (1617529266/3),Intruder,,1495.0,,,,
103,197774,Серебряные серьги Клевер с колокольчиками (эмаль) 122788 Оникс,Оникс,,2930.0,,,4180.0,
104,184842,Серебряное колье Луна (9 шт) 18930 Оникс 40,Оникс,,2880.0,,,4120.0,
105,94164,Золотые серьги-гвоздики с фианитами 8 мм с03535 Оникс,Оникс,,22680.0,,,32400.0,
106,211823,Колье Фантазия в красном золоте кол01913 Оникс 40,Оникс,,77770.0,,,111100.0,
107,184366,Колье Монетки в желтом золоте кол01553 Оникс 40,Оникс,,29120.0,,,41600.0,
108,201647,Золотой крестик с бриллиантами пб0254di Оникс,Оникс,,37100.0,,,46370.0,
109,1052-3400018 1313 sam,Рюкзак Deuter Futura 22 SL Arctic-Slateblue (1052-3400018 1313 sam),Deuter,,5888.0,,,,
110,66459,Золотая булавка зак00007 Оникс,Оникс,,4000.0,,,5710.0,
111,110211,Золотые серьги с зелеными фианитами с05097 Оникс,Оникс,,35000.0,,,50000.0,
112,201884,Золотые серьги на английской застежке с07028 Оникс,Оникс,,45430.0,,,64900.0,
113,173917,Золотой браслет на ногу с сердечками б03645 Оникс 26,Оникс,,23800.0,,,34000.0,
114,108748,Золотой православный крестик п01259 Оникс,Оникс,,13090.0,,,18700.0,
115,165110,Шелковый голубой шнурок с серебряной застежкой (позолота) 18695 Оникс  40,Оникс,,1510.0,,,2150.0,
116,167823,Шелковый шнурок с серебряной застежкой 18734 Оникс  50,Оникс,,1380.0,,,1970.0,
117,196563,Золотой кулон для фотографии Цветы (чернение) п03451 Оникс,Оникс,,60760.0,,,86800.0,
118,206579,Серьги Завиток из желтого золота с07200 Оникс,Оникс,,10710.0,,,15300.0,
119,618030622,Ортопедические полустельки Kaps Carmen 42,KAPS,,759.0,,,,
120,M4_L_125,Модульная картина из четырех частей Art Studio Shop Ночной Нью-Йорк 129x90 см (M4_L_125),Art Studio Shop,,2298.0,,,,
121,M4_M_44,Модульная картина из четырех частей Art Studio Shop Момент азарта 89x56 см (M4_M_44),Art Studio Shop,,1468.0,,,,
122,M4_M_229,Модульная картина из четырех частей Art Studio Shop Перо павлина 89x56 см (M4_M_229),Art Studio Shop,,1468.0,,,,
123,204000,Колье Сердце в белом золоте кол01747 Оникс 40,Оникс,,11410.0,,,16300.0,
124,SH3-L-12,Накладка DHS Hurricane 3 Provincial Blue - 40 2.2 мм Черный,DHS,,2590.0,,,,
125,M5_M_8,Модульная картина из пяти частей Art Studio Shop Горный массив 112x48 см (M5_M_8),Art Studio Shop,,1468.0,,,,
126,M5_M_80,Модульная картина из пяти частей Art Studio Shop Мегаполис в серых тонах 112x48 см (M5_M_80),Art Studio Shop,,1468.0,,,,
127,M5_M_97,Модульная картина из пяти частей Art Studio Shop Предвестник осени 112x48 см (M5_M_97),Art Studio Shop,,1468.0,,,,
128,M5_M_113,Модульная картина из пяти частей Art Studio Shop Симметрическая нежность 112x48 см (M5_M_113),Art Studio Shop,,1468.0,,,,
129,FI-5168-10,Мяч для кроссфита Zelart FI-5168-10 10кг Черный-Синий,Zelart,,3721.0,,,,
130,M3_L_57,Модульная картина из трех частей Art Studio Shop Эскадрилья 128x81 см (M3_L_57),Art Studio Shop,,2238.0,,,,
131,СТЖ230,Полка винная GoodsMetall в стиле Лофт 800х620х200 СТЖ230,No Brand,,11939.0,,,,
132,0.3803.B1,"Швейцарский складной нож Victorinox Sportsman, 13 функций, 84 мм Красный (0.3803.B1)",Victorinox,,1850.0,,,,
133,849,Экран под ванну малыш Mikola-M  Незабудки 180 см,Mikola-M,,4398.9,,,,
134,931,Экран под ванну The MIX малыш Dolphins 200 см,The MIX,,4948.9,,,,
135,1159,Пластиковый экран с откидными дверцами Mikola-M Креатив 8.0 120 см,Mikola-M,,8468.9,,,,
136,1052-A10VNA,Каска Petzl Vertex Vent Black (1052-A10VNA),Petzl,,5336.0,,,,
137,3462,Сейф офисный Ferocon OLS-PL-30.К,Ferocon,,8444.0,,,,
138,6836,Сейф огневзломостойкий Griffon F.30CLI.30.E,Griffon,,32970.0,,,,
139,6954,Сейф огневзломостойкий Griffon CL III.90.E White,Griffon,,54480.0,,,,
140,7143,Комплект автоматики для распашных ворот Roger KIT R23/373,Roger,,65000.0,,,,
141,2163,Сенсорная клавиатура ОРИОН K-PAD OLED+,Тирас,,4584.0,,,,
142,219087,Браслет Бесконечность в белом золоте (фианит) б04856 Оникс 20,Оникс,,14910.0,,,21300.0,
143,NS-1015,Набор настенных полок в стиле Loft NS-1015 1230x1200x250 мм Черный,Loft,,6549.0,,,,
144,NS-1033,Навесная - настенная полка в стиле Loft NS-1033 1830x450x800 мм Серый,Loft,,4480.0,,,,
145,NS-1920,Стеллаж для хранения в стиле Loft NS-1920 1830x450x450 мм Черный,Loft,,11040.0,,,,
146,NS-2055,Стойка-вешалка для вещей в стиле Loft NS-2055 1730x1200x400 мм Черный,Loft,,4600.0,,,,
147,NS-288,Комод Loft NS-288 830x1500x400 мм Черный,Loft,,31202.5,,,,
148,NS-354,Консоль для дома в стиле Loft NS-354 780x1200x400 мм Черный,Loft,,13200.0,,,,
149,27274,Набор-комплект мангал сковородки с крышкой и чехлом диаметром 40 см BroniDisk T-MB27274,BroniDisk,,2140.0,,,,
150,31994,Музыкальная Статуэтка Щенок и камера Pavone AL31994,Pavone,,3040.0,,,,
151,32868,Модель машинки Lamborghini Gallardo Lp560-4 2008 White 1:32 Bburago OL32868,Bburago,,1270.0,,,,
152,981-000936,Гарнитура Logitech G333 Purple (981-000936),Logitech,,3161.0,,,,
153,4257072893,Перчатки боксерские BO-1361 Zelart 10oz Золото-черный (37363054),Zelart,,1801.0,,,,
154,66566,Витамины для мужчин Evlution Nutrition VitaMode Men's Multivitamin 120 таб (36385001),Evlution Nutrition,,1753.0,,,,
155,63560,Матрица Незаменимых Аминокислот Amino Eaa Xplode Olimp Nutrition 520г Фруктовый пунш (27283020),Olimp Sport Nutrition,,2204.0,,,,
156,22798,BCAA в порошке Essential BCAA 2:1:1 MyProtein 500г Ягодный микс (28121001),MYPROTEIN,,1179.0,,,,
157,62473,Сывороточный Протеин без глютена сахара и жира Hydro Whey Zero BioTech (USA) 1816г Печенье-крем (29084013),BioTech,,6467.0,,,,
158,30360,Глюкозамин и Хондроитин с MСM Glucosamine & Chondroitin with MSM Now Foods 180вегкапс (03128001),Now Foods,,2167.0,,,,
159,65384,Шорты Bad Boy Fuzion Bad Boy S Черно-синий (06339027),Bad Boy,,4013.0,,,,
160,81134,Кроссовки 899 Health 44 Сине-оранжевый (06428002),Health,,1922.0,,,,
161,83980,Футболка Stretch Gorilla Wear One size Зеленый (06369131),Gorilla Wear,,2091.0,,,,
162,55694162,Брюки Glendo Gorilla Wear XL Черный (06369214),Gorilla Wear,,2993.0,,,,
163,468368582,Кроссовки Gym Hybrids Gorilla Wear 47 Черно-коричневый (06369243),Gorilla Wear,,5988.0,,,,
164,2126869714,Кроссовки 5020-2 Health 43 Черный (06428017),Health,,1953.0,,,,
165,2123045354,Кроссовки 799 Health 38 Сине-салатовый (06428030),Health,,1826.0,,,,
166,485506832,Роликовые коньки раздвижные Z-432 Zelart 32-35 Сине-белый (60363087),Zelart,,1557.0,,,,
167,1527283663,Гидрокостюм мокрого типа для триатлона M201802 Mad Wave M Черный (60444062),Mad Wave,,12090.0,,,,
168,60988,Рыбий жир Ultimate Omega Nordic Naturals 180гелкапс Лимон (67352019),Nordic Naturals,,4582.0,,,,
169,50481,Пантетин Кофермент В5 Pantethine 300 Now Foods 60гелкапс (72128054),Now Foods,,1446.0,,,,
170,304501-S,Термобілизна Norfin Women Performance р.S Космічний синій (304501-S),Norfin,,2435.0,,,,
171,M4_L_371,Модульная картина на холсте из четырех частей KIL Art Слоны Семья великанов 129x90 см (M4_L_371),KIL Art,,2298.0,,,,
172,M4_L_413,Модульная картина на холсте из четырех частей KIL Art Природа Торжество солнца 129x90 см (M4_L_413),KIL Art,,2298.0,,,,
173,14772,Комод Тумба 1 Компанит МГ 6 60х42х90 см орех,Компанит,,2813.0,,,,
174,32665,Машина-каталка Pink cat Smoby OL32665,Smoby,,2690.0,,,,
175,WOO-REMUS-AN-XL,Термокофта м Woolona Remus Antracite XL (WOO-REMUS-AN-XL),Woolona,,2680.0,,,,
176,12354,Брюки RiMari Скарлетт БР 0820 42 Темно-синий (12354),RiMari,,1400.0,,,,
177,506067,"Подставка с крышкой для торта One Chef акриловая 38,9×32 см",One Chef,,2041.2,,,,
178,EG94916,Люстра Eglo 94916 PASTERI,Eglo,,4947.0,,,,
179,113793,Кукла BABY born Сестричка с аксессуарами 36 см KD113793,Baby Born,,3450.0,,,,
180,26644,"Подставка для благовоний No Brand Металл круглая Лотос 8 Будд Ступа 10,5x10,5x7,6 см Медный (26644)",No Brand,,1430.0,,,,
181,9001793,Туалетный столик Тиса Мебель БС-15 Венге Дуб молочный 75x40x138.5 см,Тиса Мебель,,8832.0,,,,
182,4040140172,Бутсы футбольные OWAXX 180916 43 Красный (57429083),OWAXX,,1125.0,,,,
183,YL126,Бра галогенное Brille 20W BR-01314 Золотистый,Brille,,3000.0,,,,
184,175035,Бра Brille   Белый,Brille,,7199.0,,,,
185,181495,Бра Brille 20W W-500 Белый,Brille,,2490.0,,,,
186,194068,Бра под камень Классическое Brille 10W AL-311 Белый,Brille,,11099.0,,,,
187,195081,Бра хрустальное Дворцовый Brille 40W CR-303 Латунь,Brille,,22799.0,,,,
188,29-122,Бра-Подсветка LED Brille 3W BL-585,Brille,,2790.0,,,,
189,180160,Люстра Brille 60W E27 Белый,Brille,,1550.0,,,,
190,YL249,Люстра потолочная Brille 60W E14 Хром,Brille,,3750.0,,,,
191,L67-084,Люстра потолочная Brille 40W E14 Золотистый,Brille,,1460.0,,,,
192,L35-005,Люстра Brille 60W E27 Красный,Brille,,7990.0,,,,
193,174317,Люстра Brille 60W E27 Никель,Brille,,1990.0,,,,
194,22-082,Люстра подвесная Brille E27 Черный,Brille,,8799.0,,,,
195,177246,Люстра Brille 60W E27 Никель,Brille,,4500.0,,,,
196,187046,Люстра подвесная Brille 60W E27 Серебристый,Brille,,2400.0,,,,
197,L130-029,Люстра Brille 60W E27 Коричневый,Brille,,6499.0,,,,
198,3220,Люстра Brille 40W E14 Хром,Brille,,7099.0,,,,
199,L19-021,Люстра Brille 40W E27 Латунь,Brille,,9199.0,,,,
200,172190,Люстра Brille 60W E27 Коричневый,Brille,,2990.0,,,,
201,L5-180,Люстра с абажуром Brille 60W E14 Черный,Brille,,4350.0,,,,
202,L67-004,Люстра подвесная Brille 40W E14 Золотистый,Brille,,1650.0,,,,
203,176023,Люстра потолочная Brille 50W G9 Серый,Brille,,3990.0,,,,
204,L53-019,Люстра потолочная Brille 40W E14 Хром,Brille,,1990.0,,,,
205,23-808,Люстра Brille 40W E14 Хром,Brille,,2970.0,,,,
206,YL251,Люстра потолочная Brille 60W E14 Хром,Brille,,6699.0,,,,
207,177553,Люстра подвесная Brille 40W E27 Никель,Brille,,10499.0,,,,
208,L91-020,Люстра с абажуром Brille Смарт 40W E14 Черный,Brille,,5699.0,,,,
209,23-640,Люстра Brille BR-01 466C/9 G9 Хром,Brille,,9599.0,,,,
210,186012,Люстра хрустальная Brille 60W E14 Золотистый,Brille,,56399.0,,,,
211,178384,Люстра с абажуром Brille 20W G4 Хром,Brille,,8199.0,,,,
212,23-893,Люстра Brille BL-836S/48W Черный,Brille,,15199.0,,,,
213,186340,Люстра хрустальная Brille 60W E14 Золотистый,Brille,,42799.0,,,,
214,L5-386,Люстра Brille Флористика 60W E14 Золотистый,Brille,,3450.0,,,,
215,YL81,Настольная лампа барокко декоративная Brille 60W LK-174 Золотистый,Brille,,1500.0,,,,
216,182378,Настольная лампа классическая с абажуром Brille 60W TL-160 Серебристый,Brille,,2200.0,,,,
217,34-220,LED подсветка Brille Пластик 6W AL-254 Черный 34-220,Brille,,2250.0,,,,
218,34-290,Подсветка Brille Пластик 60W AL-123 Черный 34-290,Brille,,1550.0,,,,
219,32-573,Прожектор Brille LED IP65 100W HL-28 Белый 32-573,Brille,,1250.0,,,,
220,177687,Светильник настенно-потолочный Brille  BR-01 Никель,Brille,,2250.0,,,,
221,171164,Светильник настенно-потолочный Brille 60W W-395 Никель,Brille,,1340.0,,,,
222,23-854,Светильник настенно-потолочный Brille 12W BL-596 Серый,Brille,,3000.0,,,,
223,176280,Светильник спот Brille Металл HTL-96 Хром 176280,Brille,,2970.0,,,,
224,23-996,Люстра Brille 10W Золотистый,Brille,,4800.0,,,,
225,26-276,Светильник потолочный Brille 60W HTL-162 Хром,Brille,,3000.0,,,,
226,32-041,Светильник трековый LED Brille 30W LED-406 Серебристый,Brille,,3450.0,,,,
227,F5-034,Стол для кофе Brille UD3 Белый F5-034,Brille,,8990.0,,,,
228,L16-012,Уличный фонарь Brille  GL-74 Черный,Brille,,15599.0,,,,
229,9001828,Стол-книжка Тиса Мебель Эдельвейс Венге 750x800x1700 мм,Тиса Мебель,,6633.0,,,,
230,204008,Колье Сердечко в желтом золоте кол01751 Оникс 50,Оникс,,10920.0,,,15600.0,
231,270037,Золотые серьги Капельки с07722 Оникс 4.69 г,Оникс,,32830.0,,,46900.0,
232,hub_14czxm,Компьютерный стол Эверест Школьник-4 Венге темный + дуб молочный,Эверест,,6837.6,,,,
233,7387,4-портовый неуправляемый POE коммутатор Hikvision DS-3T0506HP-E/HS,Hikvision,,5495.0,,,,
234,163996037,Черевики жіночі з натуральної шкіри на платформі молочні Visazh 185-20DHC 37,Visazh,,2265.0,,,,
235,168574040,Черевики жіночі Berkonty візон натуральна шкіра 385-22ZHC 40,Berkonty,,2745.0,,,3870.0,
236,169496037,Черевики жіночі Aquamarin чорні натуральна шкіра 2005-22ZHC 37,AQUAMARIN,,2400.0,,,4015.0,
237,7406-32955,"Штатная магнитола Lesko для Mitsubishi Outlander (2005-2012 гг.) 9"" 2/32Gb Wi-Fi Optima GPS Android",Lesko,,5899.0,,,7669.0,
238,TKBDEM-01-SV_Белый_XL,Защита корпуса TOP KING Empower Creativity TKBDEM-01-SV XL Белый,Top King,,9539.0,,,,
239,TKTBS-146_Синий_M,Шорты для тайского бокса и кикбоксинга TOP KING TKTBS-146 М Синий,Top King,,2758.0,,,,
240,DJ1196-100-45,Кросівки чоловічі Nike Defy All Day 45 Білий (DJ1196-100),Nike,,3586.0,,,4576.0,
241,9001985,Стенка в гостиную Тиса Мебель Гостиная-101 Сонома Белый 1600x450x2370 мм,Тиса Мебель,,17643.0,,,,
242,vol-1899,Хипсит Baby Carrier эрго-рюкзак кенгуру переноска 6 в 1 игрушка Пушин кот Луна (vol-1899) Синий,Baby Carrier,,1784.0,,,,
243,1053-93096/4361,Рюкзак Gregory Salvo 24 Красный (1053-93096/4361),Gregory,,5441.0,,,,
244,9679-34518,Штатная магнитола Lesko Toyota Aurion I 2006-2012 10 2/32Gb/ 4G Premium (9679-34518),Lesko,,9499.0,,,12349.0,
245,6102-34767,Штатная магнитола Lesko Skoda Octavia II A5 Рестайлинг 2008-2013 10 4+32Gb 4G+CarPlay Premium (6102-34767),Lesko,,9999.0,,,12999.0,
246,P0458XL,Картина Malevich Store Скрытый Арт 75x100 см (P0458),Malevich Store,,1448.0,,,,
247,MK21281M,Модульная картина Malevich Store Pink Mountains 93x60 см (MK21281),Malevich Store,,1458.0,,,,
248,MK21284M,Модульная картина Malevich Store Два кита 93x60 см (MK21284),Malevich Store,,1458.0,,,,
249,263_XL,Картина на холсте KIL Art Фонтан Треви в Риме 122x81 см (263),KIL Art,,1658.0,,,,
250,533_XL,Картина в гостиную спальню для интерьера Коала KIL Art 122x81 см (533),KIL Art,,1658.0,,,,
251,746_XL,Картина в гостиную спальню для интерьера Галатская башня в Стамбуле KIL Art 122x81 см (746),KIL Art,,1658.0,,,,
252,849_XL,Картина в гостиную спальню для интерьера Набор парикхмахера KIL Art 122x81 см (849),KIL Art,,1658.0,,,,
253,M3_L_574,Модульная картина на холсте из трех частей KIL Art Разноцветные деревья 128x81 см (M3_L_574),KIL Art,,2238.0,,,,
254,M51_M_61,Модульная картина на холсте из пяти частей KIL Art Пара волков 112x68 см (M5_M_61),KIL Art,,1984.0,,,,
255,M51_M_97,Модульная картина на холсте из пяти частей KIL Art Греческая улица 112x68 см (M5_M_97),KIL Art,,1984.0,,,,
256,M51_L_117,Модульная картина на холсте из пяти частей KIL Art Богатая средиземноморская кухня 137x85 см (M51_L_117),KIL Art,,2657.0,,,,
257,M51_L_122,Модульная картина на холсте из пяти частей KIL Art Супер-еда 137x85 см (M51_L_122),KIL Art,,2657.0,,,,
258,M51_L_299,Модульная картина на холсте из пяти частей KIL Art Карлов мост через реку Влтава Прага 137x85 см (M51_L_299),KIL Art,,2657.0,,,,
259,M51_XL_51,Модульная картина на холсте из пяти частей KIL Art Зимляя романтика у камина 187x119 см (M51_XL_51),KIL Art,,3698.0,,,,
260,M51_XL_76,Модульная картина на холсте из пяти частей KIL Art Два жирафа 187x119 см (M51_XL_76),KIL Art,,3698.0,,,,
261,M51_XL_403,Модульная картина на холсте из пяти частей KIL Art Лаванда 187x119 см (M51_XL_403),KIL Art,,3698.0,,,,
262,124095,Принтер HP Laser 408dn (7UQ75A),HP,,16958.0,,,,
263,1052-11G34008 018 JNR,Шапка CTR Spann Red One size (1052-11G34008 018 JNR),CTR,,1762.0,,,,
264,00000000437,Рашгард Berserk Sport Cross Skull Чорний XL,Berserk Sport,,1500.0,,,,
265,00000001667,Шорти Berserk Sport Samuray kids Сірий 2XS,Berserk Sport,,1300.0,,,,
266,00000000434,Рашгард Berserk Sport kids Сірий 5XS,Berserk Sport,,1370.0,,,,
267,00000001364,Худі Berserk Sport Sons of Odin 2XL Чорний,Berserk Sport,,2260.0,,,,
268,00000001544,Шорти Berserk Sport Hybrid Wild Камуфляж XS,Berserk Sport,,1150.0,,,,
269,201933,PoE-коммутатор ZKTeco ZK-PoE42N-55W с 4 портами PoE,ZKTeco,,1692.0,,,,
270,273893,Золотое колье Крестик с бриллиантами 112131121 Оникс 40,Оникс,,61560.0,,,81000.0,
271,273810,Крестик в белом золоте с бриллиантом 116841121 Оникс,Оникс,,11180.0,,,14710.0,
272,11925,Женские брендовые очки No Brand z0990w-bl (o4ki-11925) Черный,No Brand,,1490.0,,,2980.0,
273,16373,Кожаная женская бананка Shvigel 16373 Черный,SHVIGEL,,1116.0,,,1800.0,
274,IM1800081,Бензиновая зажигалка IMCO Super Triplex Oil chrome rose gold (IM1800081),Imco,,1975.0,,,,
275,275133,Золотое колье Крестик с фианитами кол02193 Оникс 45,Оникс,,15680.0,,,22400.0,
276,21211224,Штатная камера заднего вида TORSSEN HC379-MC108AHD,TORSSEN,,2252.77,,,2815.96,
277,275646,Кулон Герб Украины Тризуб в желтом золоте 125573100 Оникс,Оникс,,68400.0,,,90000.0,
278,IXI58033,Стимулятор сексуального желания Cobeco Hot Spicy Girl 20 мл,Cobeco,,1007.0,,,,
279,172013049,Кросівки чоловічі Restime чорні текстиль 198-22LK 49,Restime,,2250.0,,,,
280,vol-8976,Хипсит Эрго-рюкзак кенгуру переноска Baby Carrier 6 в 1 и Вожжи-ходунки с подкладками Бирюзовый (vol-8976),Baby Carrier,,1574.0,,,,
281,BQ6806-100-44.5,Кроссовки мужские Nike Blazer Mid '77 Vintage (BQ6806-100) 44.5 Белый,Nike,,5360.0,,,7748.0,
282,LYN-WINDBBLM,Перчатки Lynx Windblock Black M (LYN-WINDBBLM),Lynx,,1232.0,,,,
283,Now7522,Люстра Nowodvorski 7522 OSLO LED SMOKED OAK 90 ZWIS,Nowodvorski,,10569.0,,,,
284,Now8002,Люстра Nowodvorski 8002 ZENITH M WHITE,Nowodvorski,,4335.0,,,,
285,BALANCE/TL BRPB,Настольная лампа Elstead Lighting BALANCE/TL BRPB BALANCE,Elstead,,20596.0,,,,
286,9383-38529,"Штатная магнитола Lesko 10"" Chevrolet Captiva I Рестайлинг 2011-2013 2/32Gb/ Wi-Fi Optima (9383-38529)",Lesko,,6486.0,,,8432.0,
287,9653-38725,"Штатная магнитола Lesko 10"" Volkswagen Tiguan II 2016-2020 1/16Gb/ Wi-Fi Optima (9653-38725)",Lesko,,5299.0,,,6889.0,
288,ML574EVN-44.5,Кроссовки мужские New Balance 574 (ML574EVN) 44.5 Синий,New Balance,,6031.0,,,7237.2,
289,IXI59338,Анальная пробка Chisa Anal Plug X-Large,Chisa,,1610.0,,,,
290,DD1990-010-XL,Термобелье мужское Nike M Np Df Tight Top Ls (DD1990-010) XL Черный,Nike,,2553.0,,,2860.0,
291,tren-1454990265,Канатная дорога детский WCG Zip Line M + качели тарзанка DISK,WCG,,4636.0,,,,
292,2124081,Шнур Varivas Max Power PE X8 Lime Green 200м #0.6 (2124081/VA 13511),Varivas,,1495.0,,,,
293,IXI60653,Пульсирующая вибрация Vscnovelty с пультом дистанционного управления,Vscnovelty,,2795.0,,,,
294,DM9537-001-42,Кроссовки мужские Nike Air Max Systm (DM9537-001) 42 Черно-белый,Nike,,8318.0,,,9981.6,
295,172504037,Черевики жіночі Molka хакі натуральна шкіра 250-22DHC 37,Molka,,2220.0,,,4365.0,
296,1053-7H164 DE,Страховочная система Climbing Technology Axess QR Harness L/XL Красный (1053-7H164 DE),Climbing Technology,,19191.0,,,,
297,292967,Серебряное колье Лунница 1085 Оникс 48,Оникс,,2400.0,,,3430.0,
298,9647-43881,"Штатная магнитола Lesko 10"" Volkswagen Beetle II A5 2011-2019 6/128Gb 4G Wi-Fi GPS Top",Lesko,,13999.0,,,18199.0,
299,9764-43843,"Штатная магнитола Lesko 9"" Toyota C-HR I Рестайлинг 2019-н.в. 6/128Gb 4G Wi-Fi GPS Top (9764-43843)",Lesko,,13999.0,,,18199.0,
300,9544-43702,"Штатная магнитола Lesko 9"" Mitsubishi Challenger II 2008-2013 6/128Gb 4G Wi-Fi GPS Top (9544-43702)",Lesko,,13999.0,,,18199.0,
301,7797-43783,"Штатная магнитола Lesko 9"" Renault Duster I 2010-2015 6/128Gb 4G Wi-Fi GPS Top (7797-43783)",Lesko,,13999.0,,,18199.0,
302,818120824,Полукомбинезон защитный Lahti Pro 40601 S Бежевый,Lahti Pro,,1919.0,,,,
303,1067355085,Штаны защитные рабочие PSR LahtiPro M черно-серый,Lahti Pro,,1392.0,,,,
304,5860,Ортез подушечки с двойной защитой Epitact EPСС2614 L Beige,Epitact,,1690.0,,,,
305,5852,Ортез для большого пальца правой руки гибкий день Epitact EP591DX1 S Beige,Epitact,,1550.0,,,,
306,9389-44959,"Штатная магнитола Lesko Chevrolet Silverado II GMT900 2007-2013 10"" 4/32Gb 4G Wi-Fi GPS Top (9389-44959)",Lesko,,13216.0,,,17181.0,
307,10232-46264,"Штатная магнитола Lesko 9"" Dacia Sandero I 2007-2012 2/32Gb Wi-Fi GPS Base (10232-46264)",Lesko,,5899.0,,,7669.0,
308,5915-45479,"Штатная магнитола Lesko 9"" Peugeot 301 I 2012-2016 4/32Gb 4G Wi-Fi GPS Top (5915-45479)",Lesko,,9999.0,,,12999.0,
309,IXI59084,Женский страпон на ремешках Lovetoy Easy Strapon Set 8.5,Lovetoy,,1944.0,,,,
310,16853,Худи Благословения Небожителей Heaven Official's Blessing Черная XL (16853) Fruit of the loom,Fruit of the loom,,1400.0,,,,
311,Steel_160x200x20,Простынь на резинке COSAS STORMY Ранфорс 160х200х20 см Стальной,COSAS,,1325.0,,,1490.0,
312,Сатин_Пудра_СиняяН_160x2,Семейный комплект COSAS ROSE SATIN CS5 2х160х220 см Синий,COSAS,,7950.0,,,,
313,WigwamDream_200_2,Евро комплект без простыни COSAS DREAM WIGWAMS Ранфорс 200х220 см Голубой,COSAS,,3250.0,,,,
314,Aurora95_140x200x20,Простынь на резинке COSAS AURORA Ранфорс 140х200х20 см Лаванда,COSAS,,1490.0,,,,
315,Ranfors103_Orange_160q,Полутораспальный пододеяльник COSAS ORANGE Ранфорс 160х220 см Оранжевый,COSAS,,2150.0,,,,
316,43942,Нож поварской Arcos 210 мм Manhattan (160600),Arcos,,2649.0,,,,
317,2933531671761,Шарф унисекс 671-761М LuckyLOOK 22х180 Коричневый,LuckyLOOK,,1395.0,,,,
318,10374-47571,"Штатная магнитола Lesko 9"" Chevrolet Spark III 2009-2016 1/16Gb Wi-Fi GPS Base (10374-47571)",Lesko,,5299.0,,,6889.0,
319,9573-47768,"Штатная магнитола Lesko 9"" Mazda 2 II DE 2007-2010 4/64Gb CarPlay 4G Wi-Fi GPS Prime (9573-47768)",Lesko,,12499.0,,,16249.0,
320,9610-47813,"Штатная магнитола Lesko 9"" Mercedes-Benz E-Класс III Рестайлинг 2006-2009 2/32Gb CP 4G Wi-Fi GPS Prime (9610-47813)",Lesko,,11499.0,,,14949.0,
321,1874085625,Детский стульчик-шезлонг для кормления IBS 2 в 1 94х56х70 см Olive (1874085625),IBS,,4675.0,,,5194.0,
322,H667,Шампунь для кошек гипоаллергенный для чувствительной кожи Artero Relax 5 л,Artero,,5130.0,,,,
323,TK2735,Люстра TK LIGHTING 2735 CYKLOP,TK Lighting,,6192.0,,,,
324,23676-4,Настенный светильник Brass 2 PikArt 23676-4,PikArt,,6500.0,,,,
325,26301-11,Настенный светильник Line PikArt 26301-11,PikArt,,7300.0,,,,
326,REDO9578,Парковый светильник Redo 9578 Tower,Redo,,13597.0,,,,
327,9569-47780,"Штатная магнитола Lesko 9"" Mazda 5 II CW 2010-2015 4/64Gb CarPlay 4G Wi-Fi GPS Prime (9569-47780)",Lesko,,12499.0,,,16249.0,
328,3311365082,Растительный Протеин для веганов 100% Vegan Protein Scitec Nutrition 1000г Фундук-грецкий орех (29087034),Scitec Nutrition,,2517.0,,,,
329,2528830370,Гейнер для набора массы Hyper Mass BioTech USA 4000 г Печенье крем (30084001),BioTech,,5161.0,,,,
330,20922120,Пояс корсет с металлическими вставками для поддержки позвоночника ST-5034 Sibote M Серый (34488003),Sibote,,1274.0,,,,
331,881606767,Термофутболка мужская Scoyco UW15 M Темно-серый (06439002),Scoyco,,2175.0,,,,
332,3608957015,Рашгард с длинным рукавом FDSO VNM Revenge CO-5816 M Черно-красно-белый (06508311),FDSO,,1212.0,,,,
333,2718330829,Роликовые коньки Zelart Rio Roller Z-3855 39 Белый (60363141),Zelart,,2658.0,,,,
334,2687118155,Мотокуртка с защитой 3908 Nerve XXL Черный (60459011),NERVE,,10630.0,,,,
335,173735042,Туфлі чоловічі Berisstini чорні натуральна шкіра 148-23DTC 42,Berisstini,,2985.0,,,,
336,12388s12347,Собака на бат-ке DEFA TOYS 8201A двигаются голова и хвост Розовый,DEFA TOYS,,1175.0,,,,
337,1354046316/3,Штаны карго на флисе с карманами Intruder Серый XL (1354046316/3),Intruder,,1389.0,,,,
338,1154-2305,Комплект мужских трусов MAN's SET Классика 2.0 XL Разноцветный 12 шт (1154-2305),MAN's SET,,7648.0,,,8405.0,
339,DM6419-010-XS,Брюки женские Nike Sportswear Jersey Easy Jogger (DM6419-010) XS Черный,Nike,,5246.0,,,6295.2,
340,10709-54792,"Штатная магнитола Lesko для Chery Tiggo 2 I 2016-2020 9"" 2/32Gb Wi-Fi GPS Base (10709-54792)",Lesko,,5899.0,,,7669.0,
341,10279-53827,"Штатная магнитола Lesko для SsangYong Kyron I Рестайлинг 2007-2015 IPS 9"" 4/64Gb CarPlay 4G Wi-Fi GPS Prime (10279-53827)",Lesko,,12499.0,,,16249.0,
342,119239,"Велобег детский Corso Skip Jack 12"" Pink and white (119239)",Corso,,2883.0,,,3204.0,
343,1051110725,Обувь для футзала мужская Merooj 220332 42 Бело-оранжевый (57508616),Merooj,,1520.0,,,,
344,16732,Кожаное портмоне в два сложения комби двух цветов Сердце GRANDE PELLE 16732 Желто-голубое,Grande Pelle,,1901.0,,,2237.0,
345,MS327CTB-42.5,Кроссовки мужские New Balance Shoes (MS327CTB) 42.5 Черный,New Balance,,7128.0,,,8553.6,
346,185941,Набор кукольный Steffi и Эви Подруги-русалочки с дельфином и расческой Simba IG-OL185941,Simba,,1790.0,,,,
347,185974,Мягкая игрушка собачка Ukrainian Baby Boo исполняет 12 команд 30см Simba IG-OL185974,Simba,,5430.0,,,,
348,174613039,Босоніжки жіночі Aquamarin блакитні натуральна шкіра 2321-23LB 39,AQUAMARIN,,1590.0,,,3905.0,
349,9377-47310,"Штатная магнитола Lesko BMW X5 I E53 1999-2003 IPS 9"" 2/32Gb CarPlay 4G 1280*720 GPS Prime (9377-47310)",Lesko,,10366.0,,,13476.0,
350,9706-53974,"Штатная магнитола Lesko Toyota Land Cruiser 200 Series 2007-2012 10"" 1/16Gb Wi-Fi GPS Base (9706-53974)",Lesko,,8186.0,,,10642.0,
351,IXI61173,Вибратор двойной стимуляции фиолетовый Rewolution Rewokiss Vibrating,Rewolution,,2755.0,,,,
352,1251-52_M,Картина на холсте KIL Art Шикарный суперкар Lamborghini Sian 112x54 см (1251-52),KIL Art,,1578.0,,,,
353,1261-52_M,Картина на холсте KIL Art Люксовый красный Chevrolet Corvette 112x54 см (1261-52),KIL Art,,1578.0,,,,
354,1276-51_L,Картина на холсте KIL Art Дорогое коллекционное авто Rolls-Royce Black Badge Ghost 132x80 см (1276-51),KIL Art,,2736.0,,,,
355,1295-52_M,Картина на холсте KIL Art Нежно-голубой спортивный автомобиль 112x54 см (1295-52),KIL Art,,1578.0,,,,
356,1333-51_L,Картина на холсте KIL Art Ламборджини Авентадор 132x80 см (1333-51),KIL Art,,2736.0,,,,
357,1463-51_XL,Картина на холсте KIL Art Видеоигра Forza Horizon 155x95 см (1463-51),KIL Art,,3358.0,,,,
358,1473-51_L,Картина на холсте KIL Art Персонаж аниме Сон Гоку 132x80 см (1473-51),KIL Art,,2736.0,,,,
359,166-52_XL,Модульная картина из 5 частей на холсте KIL Art Задумчивый мишка 187x94 см (166-52),KIL Art,,2898.0,,,,
360,168-52_L,Модульная картина из 5 частей на холсте KIL Art Разнообразие японских карпов 162x80 см (168-52),KIL Art,,2418.0,,,,
361,236-52_M,Модульная картина из 5 частей на холсте KIL Art Розовые пушистые пионы 112x54 см (236-52),KIL Art,,1578.0,,,,
362,271-52_XL,Модульная картина из 5 частей на холсте KIL Art Манящие ароматные пионы 187x94 см (271-52),KIL Art,,2898.0,,,,
363,28-51_L,Модульная картина из 5 частей на холсте KIL Art Абстракция золото на голубом фоне 132x80 см (28-51),KIL Art,,2736.0,,,,
364,28-52_L,Модульная картина из 5 частей на холсте KIL Art Абстракция золотой блеск 162x80 см (28-52),KIL Art,,2418.0,,,,
365,287-51_M,Модульная картина из 5 частей на холсте KIL Art Изысканное красное вино 87x50 см (287-51),KIL Art,,1658.0,,,,
366,301-51_XL,Модульная картина из 5 частей на холсте KIL Art Дым сигары 155x95 см (301-51),KIL Art,,3358.0,,,,
367,321-51_XL,Модульная картина из 5 частей на холсте KIL Art Вид на мост Свободы в Будапеште 155x95 см (321-51),KIL Art,,3358.0,,,,
368,358-52_XL,Модульная картина из 5 частей на холсте KIL Art Италийский городок на берегу моря 187x94 см (358-52),KIL Art,,2898.0,,,,
369,37-51_M,Модульная картина из 5 частей на холсте KIL Art Мрамор с абстрактным голубым узором 87x50 см (37-51),KIL Art,,1658.0,,,,
370,519-52_L,Модульная картина из 5 частей на холсте KIL Art Натюрморт столярные инструменты 162x80 см (519-52),KIL Art,,2418.0,,,,
371,543-52_M,Модульная картина из 5 частей на холсте KIL Art Заснеженый лес 112x54 см (543-52),KIL Art,,1578.0,,,,
372,566-51_XL,Модульная картина из 5 частей на холсте KIL Art Деревья в саванне 155x95 см (566-51),KIL Art,,3358.0,,,,
373,57-51_XL,Модульная картина из 5 частей на холсте KIL Art Абстракция сочетание красок на бумаге 155x95 см (57-51),KIL Art,,3358.0,,,,
374,672-52_L,Модульная картина из 5 частей на холсте KIL Art Marvel's Spider-Man 162x80 см (672-52),KIL Art,,2418.0,,,,
375,701-51_XL,Модульная картина из 5 частей на холсте KIL Art Безумный симбиоз Дэдпула с Карнажем 155x95 см (701-51),KIL Art,,3358.0,,,,
376,74-51_M,Модульная картина из 5 частей на холсте KIL Art Пирамида из дзен-камней на озере 87x50 см (74-51),KIL Art,,1658.0,,,,
377,751-51_M,Модульная картина из 5 частей на холсте KIL Art Супермен 87x50 см (751-51),KIL Art,,1658.0,,,,
378,815-52_M,Картина на холсте KIL Art Цветок одуванчика 112x54 см (815-52),KIL Art,,1578.0,,,,
379,822-51_L,Картина на холсте KIL Art Светлые розовые цветы 132x80 см (822-51),KIL Art,,2736.0,,,,
380,833-52_XL,Картина на холсте KIL Art Первые весенние цветы 187x94 см (833-52),KIL Art,,2898.0,,,,
381,835-52_XL,Картина на холсте KIL Art Редкие цветы сон-травы 187x94 см (835-52),KIL Art,,2898.0,,,,
382,850-51_L,Картина на холсте KIL Art Прекрасный розовый букет 132x80 см (850-51),KIL Art,,2736.0,,,,
383,896-52_M,Картина на холсте KIL Art Великолепный букет мимозы 112x54 см (896-52),KIL Art,,1578.0,,,,
384,922-52_M,Картина на холсте KIL Art Красные цветы с тёмными листьями 112x54 см (922-52),KIL Art,,1578.0,,,,
385,927-51_M,Картина на холсте KIL Art Маленькие ромашки на рассвете 87x50 см (927-51),KIL Art,,1658.0,,,,
386,932-51_XL,Картина на холсте KIL Art Великолепные жёлтые и белые хризантемы 155x95 см (932-51),KIL Art,,3358.0,,,,
387,964-51_M,Картина на холсте KIL Art Разноцветные весенние тюльпаны 87x50 см (964-51),KIL Art,,1658.0,,,,
388,1305-41_XL,Картина на холсте KIL Art Люксовый чёрный Bugatti Chiron 209x133 см (1305-41),KIL Art,,4698.0,,,,
389,1340-41_M,Картина на холсте KIL Art Премиум-авто Lamborghini Aventador SVJ в сером цвете 89x53 см (1340-41),KIL Art,,1588.0,,,,
390,1368-42_XL,Картина на холсте KIL Art Изысканный автомобиль 149x106 см (1368-42),KIL Art,,2728.0,,,,
391,139-42_M,Модульная картина из четырех частей KIL Art Загадочный взгляд совы 89x56 см (139-42),KIL Art,,1468.0,,,,
392,1401-41_M,Картина на холсте KIL Art Брутальный огненный автомобиль 89x53 см (1401-41),KIL Art,,1588.0,,,,
393,1413-41_XL,Картина на холсте KIL Art Жёлтый электрический кроссовер Lotus Eletre 209x133 см (1413-41),KIL Art,,4698.0,,,,
394,1440-41_M,Картина на холсте KIL Art Викинг с топорами 89x53 см (1440-41),KIL Art,,1588.0,,,,
395,1511-42_M,Картина на холсте KIL Art Шлем штурмовика на чёрном фоне 89x56 см (1511-42),KIL Art,,1468.0,,,,
396,1530-41_L,Картина на холсте KIL Art Оперативник с дробовиком / Tom Clancy's Rainbow Six Осада 149x93 см (1530-41),KIL Art,,2978.0,,,,
397,189-42_L,Модульная картина из четырех частей KIL Art Бегущие по воде кони 129x90 см (189-42),KIL Art,,2298.0,,,,
398,261-42_M,Модульная картина из четырех частей KIL Art Необычная радужная роза 89x56 см (261-42),KIL Art,,1468.0,,,,
399,27-41_M,Модульная картина из 4 частей на холсте KIL Art Красивый золотой мрамор 89x53 см (27-41),KIL Art,,1588.0,,,,
400,313-41_XL,Модульная картина из 4 частей на холсте KIL Art Нью-Йорк с высоты 209x133 см (313-41),KIL Art,,4698.0,,,,
401,348-42_L,Модульная картина из 4 частей на холсте KIL Art Ночь над Нью-Йорком 129x90 см (348-42),KIL Art,,2298.0,,,,
402,394-41_M,Модульная картина из 4 частей на холсте KIL Art Биг-Бен в Лондоне 89x53 см (394-41),KIL Art,,1588.0,,,,
403,450-41_M,Модульная картина из 4 частей на холсте KIL Art Сёрфингист и большая синяя волна 89x53 см (450-41),KIL Art,,1588.0,,,,
404,455-42_M,Модульная картина из 4 частей на холсте KIL Art Вечерние сумерки над островом 89x56 см (455-42),KIL Art,,1468.0,,,,
405,473-41_M,Модульная картина из 4 частей на холсте KIL Art Библия и католические чётки 89x53 см (473-41),KIL Art,,1588.0,,,,
406,526-42_M,Модульная картина из 4 частей на холсте KIL Art Биткоин - новое золото 89x56 см (526-42),KIL Art,,1468.0,,,,
407,59-42_L,Модульная картина из 4 частей на холсте KIL Art Золотистый розово-голубой мрамор 129x90 см (59-42),KIL Art,,2298.0,,,,
408,607-41_L,Модульная картина на холсте KIL Art полиптих Скалы на берегу 149x93 см (607-41),KIL Art,,2978.0,,,,
409,617-42_L,Модульная картина из четырех частей KIL Art Высокие кедры 129x90 см (617-42),KIL Art,,2298.0,,,,
410,655-41_M,Модульная картина из 4 частей на холсте KIL Art World of Warcraft: Ониксия 89x53 см (655-41),KIL Art,,1588.0,,,,
411,676-41_XL,Модульная картина из 4 частей на холсте KIL Art Самурай с палкой 209x133 см (676-41),KIL Art,,4698.0,,,,
412,679-42_XL,Модульная картина из 4 частей на холсте KIL Art Аниме девушка в цветах 149x106 см (679-42),KIL Art,,2728.0,,,,
413,772-42_XL,Картина на холсте KIL Art Цветок лесной ветреницы 149x106 см (772-42),KIL Art,,2728.0,,,,
414,803-42_XL,Картина на холсте KIL Art Диковинные тропические цветы 149x106 см (803-42),KIL Art,,2728.0,,,,
415,83-42_L,Модульная картина из 4 частей на холсте KIL Art Космическое сияние на портрете Будды 129x90 см (83-42),KIL Art,,2298.0,,,,
416,858-42_XL,Картина на холсте KIL Art Гвоздика необычной красоты 149x106 см (858-42),KIL Art,,2728.0,,,,
417,867-42_M,Картина на холсте KIL Art Ветка с цветами 89x56 см (867-42),KIL Art,,1468.0,,,,
418,886-41_L,Картина на холсте KIL Art Прекрасные бутоны розы 149x93 см (886-41),KIL Art,,2978.0,,,,
419,970-41_L,Картина на холсте KIL Art Абстрактные цветы мака 149x93 см (970-41),KIL Art,,2978.0,,,,
420,M4_XL_654,Модульная картина из 4 частей для интерьера KIL Art Горный пик на закате 149x106 см (M4_XL_654),KIL Art,,2728.0,,,,
421,1010-31_L,Модульная картина на холсте из 3 частей KIL Art триптих Пышный букет тюльпанов 128x81 см (1010-31),KIL Art,,2238.0,,,,
422,121-31_L,Модульная картина триптих на холсте KIL Art Мощный мотоцикл Kawasaki Ninja 128x81 см (121-31),KIL Art,,2238.0,,,,
423,1328-32_XL,Картина из трех панелей KIL Art Чёрный мотоцикл Harley-Davidson 141x90 см (1328-32),KIL Art,,2266.0,,,,
424,1429-31_L,Модульная картина на холсте KIL Art триптих Сора персонаж аниме Нет игры - нет жизни 128x81 см (1429-31),KIL Art,,2238.0,,,,
425,1444-31_XL,Модульная картина на холсте KIL Art триптих Тор из киновселенной Марвел 156x100 см (1444-31),KIL Art,,2918.0,,,,
426,1454-31_XL,Модульная картина на холсте KIL Art триптих Аниме-девушка с битой 156x100 см (1454-31),KIL Art,,2918.0,,,,
427,1480-31_XL,"Модульная картина на холсте KIL Art триптих Бродяга, Тихоокеанский рубеж 156x100 см (1480-31)",KIL Art,,2918.0,,,,
428,175-31_XL,Модульная картина на холсте KIL Art триптих Свободный конь 156x100 см (175-31),KIL Art,,2918.0,,,,
429,195-31_L,Модульная картина на холсте KIL Art триптих Стильный кот 128x81 см (195-31),KIL Art,,2238.0,,,,
430,233-31_XL,Модульная картина на холсте KIL Art триптих Жёлтая и серые розы 156x100 см (233-31),KIL Art,,2918.0,,,,
431,254-32_XL,Модульная картина на холсте KIL Art триптих Букет лилий с розами 141x90 см (254-32),KIL Art,,2266.0,,,,
432,339-32_XL,Картина на холсте KIL Art для интерьера в гостиную Город ангелов - Лос-Анджелес 141x90 см (339-32),KIL Art,,2266.0,,,,
433,355-31_L,Модульная картина триптих на холсте KIL Art Остров Халки в Греции 128x81 см (355-31),KIL Art,,2238.0,,,,
434,361-31_XL,Модульная картина триптих на холсте KIL Art Огни на чёрно-белом мосту 156x100 см (361-31),KIL Art,,2918.0,,,,
435,465-32_XL,Картина на холсте KIL Art для интерьера в гостиную Религиозные люди с крестами 141x90 см (465-32),KIL Art,,2266.0,,,,
436,524-32_XL,Картина на холсте KIL Art для интерьера в гостиную Космонавт на орбите планеты 141x90 см (524-32),KIL Art,,2266.0,,,,
437,560-31_L,Модульная картина на холсте KIL Art триптих Сиреневые горы 128x81 см (560-31),KIL Art,,2238.0,,,,
438,625-31_L,Модульная картина на холсте KIL Art триптих Осенний водопад 128x81 см (625-31),KIL Art,,2238.0,,,,
439,671-32_XL,Картина на холсте KIL Art для интерьера в гостиную Darth Vader 141x90 см (671-32),KIL Art,,2266.0,,,,
440,677-32_XL,Картина на холсте KIL Art для интерьера в гостиную Модная аниме девушка 141x90 см (677-32),KIL Art,,2266.0,,,,
441,722-31_L,"Модульная картина триптих на холсте KIL Art Гоку, Наруто и Луффи - персонажи аниме 128x81 см (722-31)",KIL Art,,2238.0,,,,
442,79-32_XL,Картина на холсте KIL Art для интерьера в гостиную Бог с головой слона 141x90 см (79-32),KIL Art,,2266.0,,,,
443,M3_XL_137,Модульная картина из трех частей KIL Art Мистический взгляд 156x100 см (M3_XL_137),KIL Art,,2918.0,,,,
444,M3_XL_191,Модульная картина на холсте KIL Art Триптих Мрачный мрамор 156x100 см (M3_XL_191),KIL Art,,2918.0,,,,
445,M3_XL_422,Модульная картина на холсте KIL Art Триптих Дома в Сан-Франциско 156x100 см (M3_XL_422),KIL Art,,2918.0,,,,
446,m31_XL_15,Картина из 3 частей на холсте KIL Art Лучи солнца сквозь тучи 141x90 см (m31_XL_15),KIL Art,,2266.0,,,,
447,1179-2_L,Модульная картина из двух частей KIL Art Диптих Маленькие тонкие линии и круги разных цветов 111x81 см (1179-2),KIL Art,,1838.0,,,,
448,1231-2_XL,Модульная картина из двух частей KIL Art Диптих Белый фон с темными синими мазками 165x122 см (1231-2),KIL Art,,3078.0,,,,
449,1250-2_L,Картина на холсте KIL Art Суперкар Lambo v12 vision gran turismo 111x81 см (1250-2),KIL Art,,1838.0,,,,
450,1284-2_L,Картина на холсте KIL Art Быстрый Ford Mustang GT Gen3 111x81 см (1284-2),KIL Art,,1838.0,,,,
451,1548-2_L,Модульная картина из двух частей KIL Art Сочная зеленая спаржа 111x81 см (1548-2),KIL Art,,1838.0,,,3859.8,
452,1568-2_L,Модульная картина из двух частей KIL Art Вафля с малиной апельсином и абрикосами 111x81 см (1568-2),KIL Art,,1838.0,,,3859.8,
453,1625-2_XL,Модульная картина из двух частей KIL Art Деревянный стол с разными наполненными бокалами 165x122 см (1625-2),KIL Art,,3078.0,,,6463.8,
454,1780-2_L,Модульная картина из двух частей KIL Art Лань стоит на зеленой траве 111x81 см (1780-2),KIL Art,,1838.0,,,3859.8,
455,222-2_L,Модульная картина на холсте KIL Art Загадочная роза 111x81 см (222-2),KIL Art,,1838.0,,,3859.8,
456,306-2_XL,Картина на холсте для интерьера KIL Art диптих Яркие специи 165x122 см (306-2),KIL Art,,3078.0,,,6463.8,
457,355-2_L,Картина на холсте для интерьера KIL Art диптих Райский уголок остров Халки 111x81 см (355-2),KIL Art,,1838.0,,,3859.8,
458,368-2_L,Картина на холсте для интерьера KIL Art диптих Панорамный вид на Рио-де-Жанейро 111x81 см (368-2),KIL Art,,1838.0,,,3859.8,
459,375-2_L,Картина на холсте для интерьера KIL Art диптих Арабские Эмираты 111x81 см (375-2),KIL Art,,1838.0,,,3859.8,
460,43-2_XL,Картина на холсте для интерьера KIL Art диптих Синяя и золотая краски на бумаге 165x122 см (43-2),KIL Art,,3078.0,,,6463.8,
461,78-2_XL,Картина диптих на холсте KIL Art для интерьера в гостиную спальню Свеча и фиолетовые цветы на столе 165x122 см (78-2),KIL Art,,3078.0,,,6463.8,
462,883-2_L,Картина на холсте KIL Art Кроваво-красный лотос 111x81 см (883-2),KIL Art,,1838.0,,,3859.8,
463,941-2_L,Картина на холсте KIL Art Красивые белые гвоздики 111x81 см (941-2),KIL Art,,1838.0,,,3859.8,
464,988-2_L,Картина на холсте KIL Art Прекрасные цветы колокольчики 111x81 см (988-2),KIL Art,,1838.0,,,3859.8,
465,(P0444_XL),Картина KIL Art для интерьера в гостиную спальню Губы - Розовые сладкие губы 107x80 см (P0444),KIL Art,,1528.0,,,3208.8,
466,(P0457_XL),Картина KIL Art для интерьера в гостиную спальню Мульфильм - Мики Маус 107x80 см (P0457),KIL Art,,1528.0,,,3208.8,
467,1278-1_XL,Картина на холсте KIL Art Acura NSX Type S 122x81 см (1278-1),KIL Art,,1658.0,,,3481.8,
468,1414-1_XL,Картина на холсте KIL Art Чудо-женщина 122x81 см (1414-1),KIL Art,,1658.0,,,3481.8,
469,152-1_XL,Картина на холсте интерьерная KIL Art Милый котёнок 122x81 см (152-1),KIL Art,,1658.0,,,3481.8,
470,235-1_XL,Картина на холсте интерьерная KIL Art Синие цветы 122x81 см (235-1),KIL Art,,1658.0,,,3481.8,
471,445-1_XL,Картина на холсте KIL Art для интерьера в гостиную спальню Морские волны и песчаный пляж 120x80 см (445-1),KIL Art,,1658.0,,,3481.8,
472,49_xl,Картина KIL Art Винил 122x81 см (49),KIL Art,,1658.0,,,3481.8,
473,689-1_XL,Картина на холсте KIL Art для интерьера в гостиную спальню Bruce Wayne - The Batman 120x80 см (689-1),KIL Art,,1658.0,,,3481.8,
474,847-1_XL,Картина на холсте KIL Art Двухцветная роза 122x81 см (847-1),KIL Art,,1658.0,,,3481.8,
475,904-1_XL,Картина на холсте KIL Art Синяя орхидея 122x81 см (904-1),KIL Art,,1658.0,,,3481.8,
476,912-1_XL,Картина на холсте KIL Art Белые пионы 122x81 см (912-1),KIL Art,,1658.0,,,3481.8,
477,388-1_XL,Картина на холсте KIL Art для интерьера в гостиную спальню Силуэт Нью-Йорка 120x80 см (388-1),KIL Art,,1658.0,,,3481.8,
478,1013-1846.14.95,Леска Prologic Density Carp Mono 1000m Green 0.35mm 15lb/6.80kg (1013-1846.14.95),Prologic,,1339.0,,,,
479,1052-E061AA03,Фонарь Petzl Tikka 350 2022 Салатовый (1052-E061AA03),Petzl,,2227.0,,,,
480,8-0381,Подарочный набор Кукумбер Pink Caramel 8-0381,Кукумбер,,2260.0,,,,
481,339626_46,Кроссовки мужские кожаные 339626 46 (31) Fashion Синий,Fashion,,1799.0,,,2159.0,
482,96370670,Бутсы футбольные Binbinniao 8433-40-45 44 Зеленый (57508632),Binbinniao,,1748.0,,,,
483,67286,Набор 4 салатника Fantasia 700мл Бирюза DP67286 Bordallo Pinheiro,Bordallo Pinheiro,,4990.0,,,,
484,10486-54838,"Штатная магнитола Lesko Hyundai Grandeur IV 2005-2009 9"" 1/16Gb Wi-Fi GPS Base (10486-54838)",Lesko,,5299.0,,,6889.0,
485,hub_coyk0v,Стильный комод на 4 ящика телескопические направляющие венге темный (80х45х73 см),Эверест,,4381.3,,,,
486,Ranfors117_Cloud_155_2,Подростковая постель без простыни CLOUD COSAS Небесный 155х215 см,COSAS,,2400.0,,,,
487,BirdsMushrooms_El80-Wave_155,Подростковая постель с простыней на резинке COSAS Happy Birds CS5 160х220 см Разноцветный,COSAS,,3090.0,,,,
488,CellGreyWhite_White01_160,Полуторное постельное белье Cell COSAS Белый 160х220 см,COSAS,,3850.0,,,,
489,CellsWhiteBlue_El-61Wave_200,Евро постель с простыней на резинке Cell CS5 COSAS Голубой 200х220 см,COSAS,,4490.0,,,,
490,Ranfors74_Avocado_DotsBlackWhite_180,Двуспальное постельное белье COSAS Avocado CS3 180х220 см Разноцветный,COSAS,,3690.0,,,4190.0,
491,Ranfors97_Cherry_El160-ColorBlots_180,Двухспальная постель с простыней на резинке COSAS Blueberry CS8 180х220 см Разноцветный,COSAS,,4190.0,,,,
492,Ranfors87_DarkBlue_DotsBlackWhite_200,Евро постельное белье COSAS Nightfall CS8 200х220 см Разноцветный,COSAS,,3990.0,,,4490.0,
493,Ranfors36_Candy_El-ColorBlots_160x2,Семейная постель с простыней на резинке COSAS Candy CS1 2х160х220 см Разноцветный,COSAS,,6290.0,,,,
494,Ranfors94_Marmalade_El-DotsBlackWhite_160x2,Семейная постель с простыней на резинке COSAS Marmalade CS1 2х160х220 см Разноцветный,COSAS,,6290.0,,,,
495,DotsGreyGrey_El-61Wave_160,Полуторная постель с простыней на резинке Mini Dots CS6 COSAS серый 160х220 см,COSAS,,3490.0,,,3950.0,
496,CellAshbeige_98Cappuccino_160,Полуторное постельное белье BEIGE GEOMETRY CS7 COSAS Бежевый 160х220 см,COSAS,,3850.0,,,,
497,CellAshbeige_12Magnolia_200,Евро постельное белье BEIGE GEOMETRY CS2 COSAS Бежевый 200х220 см,COSAS,,4490.0,,,,
498,Cloth_31Lavander_DUK_140x180,Скатерть на стол водоотталкивающая COSAS 140х180 LAVENDER,COSAS,,1390.0,,,,
499,ButterfliesBlue_El80-Honey11_155,Подростковая постель с простыней на резинке FAIRY BUTTERFLY COSAS Синий 160х220 см,COSAS,,3090.0,,,,
500,Ranfors_Bordo_El160-Beige_200,Евро постель с простыней на резинке RUBY CS7 COSAS Бордовый 200х220 см,COSAS,,4390.0,,,,
501,Ranfors_Grey_El160-Grey_200,Евро постель с простыней на резинке SMOKY CS4 COSAS серый 200х220 см,COSAS,,3890.0,,,4390.0,
502,1013-2266.59.73,Удилище серфовое Shimano Speedmaster Surf 4.25m max 225g Solid Tip 3sec (1013-2266.59.73),Shimano,,8850.0,,,,
503,1068-NEVADA NEO 22007 OS,Маска Bolle Nevada Neo Orange (1068-NEVADA NEO 22007 OS),Bolle,,14040.0,,,,
504,hub_pbn5bu,Шкаф с полками Компанит Буфет Нимфея альба 64х50х185 см,Компанит,,5783.8,,,,
505,1048439208/4,Штаны карго Intruder XXL Бежевые (1048439208/4),Intruder,,1249.0,,,,
506,1919743-18,Серебряное кольцо SilverBreeze с опалом 0.625ct (1919743) 18,Silver Breeze,,3731.0,,,,
507,2125013,Серебряная подвеска SilverBreeze с фианитами (2125013),Silver Breeze,,1392.0,,,,
508,2136156,Серебряные серьги SilverBreeze с кораллом (2136156),Silver Breeze,,2583.0,,,,
509,9396-55848,"Штатная магнитола Lesko для Chevrolet Nubira 2003-2010 IPS 9"" 1280х720 2/32Gb CarPlay 4G Wi-Fi GPS Prime",Lesko,,11499.0,,,14949.0,
510,202300536,Штатная магнитола Torssen 2K Ford Focus 2019+ F96128 4G Carplay DSP,TORSSEN,,23599.37,,,29499.22,
511,202300115,Штатная магнитола Torssen 2K Hummer H3 F9464 4G Carplay DSP,TORSSEN,,20216.15,,,25270.19,
512,202300742,Штатная магнитола Torssen 2K Mitsubishi Outlander Rockford 20+ F106128 4G Carplay DSP,TORSSEN,,25050.29,,,31312.87,
513,202300411,Штатная магнитола Torssen 2K Toyota Hilux 12 climate F9464 4G Carplay DSP,TORSSEN,,18765.23,,,23456.54,
514,175474045,Туфлі чоловічі Vadrus чорні натуральна шкіра 489-23DT 45,Vadrus,,2640.0,,,,
515,1049-Vx13603.3_T1090u,Нож Victorinox Spartan Ukraine 91мм Сердце син-желт. (1049-Vx13603.3_T1090u),Victorinox,,1984.0,,,,
516,1042-TRT-086,Палатка Tramp Eagle 4 v2 (1042-TRT-086),Tramp,,14958.0,,,,
517,MIL P003M,Разгрузочная поясная система Travel Extreme Tactical Extreme Laser Cut M Хаки (MIL P003M),Travel Extreme,,2497.0,,,,
518,84,Диван Актив Sentenzo 1200x700x900 темно-серый,SENTENZO,,9434.88,,,,
519,10683-59011,"Штатная магнитола Lesko Mazda 3 III BM Рестайлинг 2016-2019 9"" 4/64Gb 4G Wi-Fi GPS Top (10683-59011)",Lesko,,10499.0,,,13649.0,
520,1782247161,Прихожая City One Door Doros Дуб сонома 1 Зеркало 110х45х210 (44900083),Doros,,9352.0,,,,
521,1924,Экран под ванну The MIX Лями 4045 velur с покрытием HPL 140 см Серый,The MIX,,8028.9,,,,
522,DotsGreyGrey_94Marmalade_140,Детское постельное белье в кроватку MINI DOTS CS8 COSAS серый 110х140 см,COSAS,,1850.0,,,,
523,LineLGrey-5047_180x200x20,Простынь на резинке 180х200 см SMOKY LINE COSAS песочный,COSAS,,1590.0,,,,
524,StrSatin_04Pistachio_El160-Pistachio_180,Двуспальная постель сатин с простыней на резинке PISTACHIO CS1 Cosas Мятный 180х220 см,Cosas,,5790.0,,,,
525,49Satin_Dove_140x200x20,Простыня на резинке сатин 140х200 см DOVE Cosas,Cosas,,1645.0,,,1850.0,
526,11Satin_Brown_180x200x20,Простыня на резинке сатин 180х200 см BROWN Cosas,Cosas,,1950.0,,,2190.0,
527,FlowersBavovna_240s,Евро простыня Cosas Summer Garden 220х240 см Разноцветный,Cosas,,1325.0,,,1490.0,
528,StoneOrangeBlueWhite_Grey110x160_140,Детское постельное белье в кроватку GEMSTONES Cosas оранжевый 110х140 см,Cosas,,1850.0,,,,
529,Purple_OL-SX58,Вибратор We Love Rabbit Vibe с подогревом и клиторальной стимуляцией фиолетовый USB,We Love,,1574.0,,,,
530,9003128,Комод Тиса Мебель 328 Дуб сонома Белый 90x45x120 см,Тиса Мебель,,10284.0,,,,
531,50012162,Корм для сук и щенков JosiDog Family 15 кг,JosiDog,,3120.0,,,,
532,11379-60829,"Штатная магнитола Lesko Acura TSX II 2008-2014 9"" 4/64Gb 4G Wi-Fi GPS Top (11379-60829)",Lesko,,10499.0,,,13649.0,
533,BN-BAG-23-white,Круглая кожаная женская сумочка Tablet белая BlankNote,BlankNote,,2400.0,,,,
534,BN-BAG-23-navy,Круглая кожаная женская сумочка Tablet темно-синяя BlankNote,BlankNote,,2400.0,,,,
535,BKK264ABK-XXXL,Худи Dobermans Aggressive Unstoppable Offensive Infinite BKK264ABK (XXXL) Черный,Dobermans Aggressive,,4193.0,,,,
536,44981,Нож кухонный Накири 180 мм Suncraft Senzo Clad (AS-09),Suncraft,,5499.0,,,,
537,45039,Кухонный нож Янагиба 210 мм Satake Satoru (803-700),Satake,,2079.0,,,,
538,1007-006948,Рюкзак Brooks Dalston 12lt Черный (1007-006948),Brooks,,6890.0,,,,
539,1053-ME-20710.044.XLRZ,Спальник Mountain Equipment Xero 550 Down XL R True Red (1053-ME-20710.044.XLRZ),Mountain Equipment,,23385.0,,,,
540,1052-JCI621M20,Шлем Julbo Casque Hal 54-58 см Gris (1052-JCI621M20),Julbo,,6302.0,,,,
541,815401017157,Шампунь с защитой цвета и от УФ-лучей Juvexin Shield Shampoo GKhair 240 мл,GKhair,,2421.0,,,3026.0,
542,4820267050541,Духи WallFlower Rebellion 50 мл,Rebellion,,1852.0,,,,
543,1033-PNG 141542,Палатка Pinguin Echo 1 DAC Зеленый (1033-PNG 141542),Pinguin,,11684.0,,,,
544,1052-3210321 5332,Рюкзак Deuter Attack 20 Красный (1052-3210321 5332),Deuter,,11868.0,,,,
545,1013-1678.05.96,Пищевой термоконтейнер Zojirushi SW-EK26H 0.26 л Оранжевый (1013-1678.05.96),Zojirushi,,2235.0,,,,
546,1052-12G3 4063 851,Шапка CTR Poplar Jnr Columbia (1052-12G3 4063 851),CTR,,1535.0,,,,
547,1033-PC 104749050XXS1,Шлем горнолыжный Poc POCito Obex MIPS Fluorescent Orange XXS (1033-PC 104749050XXS1),POC,,6760.0,,,,
548,8792584,Кольцо с цирконами из Maxi Silver 7925 SE 17.5,Maxi Silver,,1865.0,,,2589.0,
549,87953,Серьги с цирконом Maxi Silver 7953,Maxi Silver,,2624.0,,,3476.0,
550,86766,Пусеты 82143 Maxi Silver 6766,Maxi Silver,,1382.0,,,,
551,84280,Подвес штанга Maxi Silver 4280 4 см,Maxi Silver,,5593.0,,,,
552,8877685,Кольцо оберег Велеса Maxi Silver 8776 SE 18,Maxi Silver,,6075.0,,,7425.0,
553,87781,Женский кулон Печать Велеса Maxi Silver 7781,Maxi Silver,,3674.0,,,5038.0,
554,MLP_92_80х120см,Картина на холсте Art Dekors Мост 80x120 см MLP 92,Art Dekors,,1559.0,,,1799.0,
555,20943,Худи Невероятные приключения Джоджо JoJo’s Bizarre Adventure v2 Черная XL (20943) Fruit of the loom,Fruit of the loom,,1400.0,,,,
556,20924,Худи Берсерк Berserk Лого Logo M (20924) Fruit of the loom,Fruit of the loom,,1400.0,,,,
557,176531039,Ботинки мужские Lido Marinozi черные натуральная кожа 324-24ZHC 39,Lido Marinozzi,,4335.0,,,5545.0,
558,2203436979,Лонгслив спортивный мужской Joma Brama Fleece 101015-100 S Черный (06590007),Joma,,2193.0,,,,
559,000011423,Бушлат №3 саржа черный 3XL (54) 4Profi,4Profi,,1700.0,,,,
560,11242-63892,"Штатная магнитола Lesko Ford Edge II 2015-2018 9"" 4/32Gb 4G Wi-Fi GPS Top (11242-63892)",Lesko,,9999.0,,,12999.0,
561,111325,Смеситель для ванны Santan KEVON CHIC 81NC8150 Black с душевым гарнитуром,Santan,,4622.0,,,,
562,10918-59989,"Штатная магнитола Lesko Ford Mondeo III Рестайлинг 2003-2007 9"" 2/32Gb 4G Wi-Fi GPS Top (10918-59989)",Lesko,,9499.0,,,12349.0,
563,11329-62961,"Штатная магнитола Lesko Renault Koleos I Рестайлинг 2011-2013 9"" 4/64Gb 4G Wi-Fi GPS Top (11329-62961)",Lesko,,10499.0,,,13649.0,
564,11488-64249,"Штатная магнитола Lesko Renault Master III ver 2 2010-2019 10"" 4/64Gb 4G Wi-Fi GPS Top (11488-64249)",Lesko,,10499.0,,,13649.0,
565,21172,Худи Атака Титанов ATTACK ON TITAN Черная S (21172) Fruit of the loom,Fruit of the loom,,1400.0,,,,
566,1.3603_T0630u,"Складной нож Victorinox Spartan Ukraine 91 мм, 12 фунций Трезубец готический белый (1.3603_T0630u)",Victorinox,,1926.0,,,,
567,96559,Новогодняя фигурка Santa Claus Red с подарками 60 см BonaDi DP96559,BonaDi,,5400.0,,,,
568,97724,Набор фигурок Boy and Girl 20 см white with gold BonaDi DP97724,BonaDi,,1930.0,,,,
569,DH3158-100-38.5,Кроссовки женские Nike Court Vision Next Nature (DH3158-100) 38.5 Белый,Nike,,4544.0,,,5668.0,
570,10893-61046,"Штатная магнитола Lesko Mercedes-Benz M-Класс III W166 2011-2015 9"" 1/16Gb Wi-Fi GPS Base (10893-61046)",Lesko,,7723.0,,,10040.0,
571,11822-65279,"Штатная магнитола Lesko Opel Meriva B 2010-2014 9"" 6/128Gb 4G Wi-Fi GPS Top (11822-65279)",Lesko,,13999.0,,,18199.0,
572,IXI25234,Утяжелитель для мошонки Cock Ring and Ball Weight Set Bdsm4u,Bdsm4u,,3146.0,,,,
573,1705789687,Прибор ночного видения Night Vision G1 4.5х 1920x1080P невидимая волна 940nm с креплением на голову,Night Vision,,9499.0,,,11499.0,
574,IXI61078,Зажимы для сосков Stainless Steel Screws Nipple Press Bdsm4u,Bdsm4u,,1679.0,,,,
575,202302982,Штатная магнитола 2K Torssen Ford Transit 2021+ F9432 4G Carplay DSP,TORSSEN,,18765.23,,,23456.54,
576,202303119,Штатная магнитола Torssen 2K Geely Emgrand 09-16 F9432 4G Carplay DSP,TORSSEN,,18765.23,,,23456.54,
577,202303306,Штатная магнитола Torssen 2K Mazda 5 05-09 F9432 4G Carplay DSP,TORSSEN,,18765.23,,,23456.54,
578,202303406,Штатная магнитола Torssen 2K Peugeot 407 04-11 F9432 4G Carplay DSP,TORSSEN,,18765.23,,,23456.54,
579,202303567,Штатная магнитола Torssen 2K VW Beetle F9432 4G Carplay DSP,TORSSEN,,18765.23,,,23456.54,
580,9380-38517,"Штатная магнитола Lesko 9"" Chevrolet Aveo I Рестайлинг 2006-2012 2/32Gb Top 4G/ Wi-Fi (9380-38517)",Lesko,,9499.0,,,12349.0,
581,11300-63635,"Штатная магнитола Lesko Chevrolet Malibu VIII 2011-2014 IPS 9"" 4/64Gb CarPlay 4G Wi-Fi GPS Prime (11300-63635)",Lesko,,12499.0,,,16249.0,
582,226580,Настольная фигурка Архангел Михаил 14х12х23 см AL226580 Veronese,Veronese,,3960.0,,,,
583,225757,Полка из алюминия для посуды 59х38х13 см с поддоном KL225757 Kamille,Kamille,,3580.0,,,,
584,226185,Кастрюля с крышкой 28см из литого алюминия с антипригарным покрытием и для индукции и газа KL226185 Kamille,Kamille,,3750.0,,,,
585,7065-66484,Тактическая куртка Han-Wild G8P G8YJSCFY M Камуфляж (7065-66484),Han Wild,,1693.0,,,1947.0,
586,11363-66353,"Штатная магнитола Lesko Land Rover Discovery III 2004-2009г 9"" 2/32Gb 4G Wi-Fi GPS Top (11363-66353)",Lesko,,13040.0,,,16952.0,
587,WB/2350/10.BL,"Шкатулка для хранения часов Salvadore WB/2350/10.BL 31,4х21х8,5 см Черный",Salvadore,,4400.0,,,,
588,T100.417.36.051.00,Часы Tissot PRS 516 Quartz Chronograph T100.417.36.051.00,Tissot,,44370.0,,,,
589,EFV-540D-1A2VUEF,Часы Casio EDIFICE EFV-540D-1A2VUEF,Casio,,9450.0,,,,
590,Salvadore SL/3060-BRB 6X6,Шкатулка Salvadore для подзавода 6 часов SL/3060-BRB 6X6 Коричневый,Salvadore,,23400.0,,,,
591,176655040,Ботинки мужские Arees черные натуральная кожа 197-24ZHS 40,Arees,,3185.0,,,4025.0,
592,176786041,Ботинки мужские Detta черные натуральная кожа 124-24ZHC 41,Detta,,3415.0,,,4280.0,
593,176889036,Ботинки женские Li Fexpert черные балоновые 1534-24ZHS 36,Li Fexpert,,1845.0,,,2885.0,
594,4143966138,Футболка Gorilla Wear 82 Baseball Jersey L Белый (06369325),Gorilla Wear,,2993.0,,,,
595,10256-54871,"Штатная магнитола Lesko Jeep Grand Cherokee IV WK2 2010-2013 9"" 1/16Gb Wi-Fi GPS Base (10256-54871)",Lesko,,5299.0,,,6889.0,
596,12170-67735,"Штатная магнитола Lesko Nissan Sunny N17 Рестайлинг 2014-2016 9"" 6/128Gb 4G Wi-Fi GPS Top (12170-67735)",Lesko,,13999.0,,,18199.0,
597,1052-3204323 7000,Рюкзак Deuter Race Air 10 Black (1052-3204323 7000),Deuter,,5290.0,,,,
598,2067430225,Обогреватель масляный алюминиевый Electro Elite 4SE 4 секции 500/100 программатор 400 Вт,ElectrO,,5558.0,,,,
599,177127043,Ботинки мужские Marion черные натуральная кожа 66-24ZHS 43,Marion,,2970.0,,,4025.0,
600,62581,Детская игрушка косметический столик со стульчиком TechnoK 8683TXK Розовый (62581),TechnoK,,1502.0,,,,
601,ФП012135 S,"Комплект белых футболок для влюбленных с принтом ""Парочка котов. Кот и Кошечка. Влюбленные котики"" Кавун ФП012135 S M",Кавун,,1284.0,,,1517.0,
602,2078287975,Чемодан Большой L пластиковый из полипропилена на колесах My Polo70c05 93L Желтый,POLO,,4434.0,,,,
603,31938_2908942,Смарт часы Smart Watch Hoco Y12 Ultra Golden Блютуз v5.0 320mAh IP67 iOS/Андроид Gold,Hoco,,1763.0,,,,
604,f809f2fc-7340-11ee-a83e-f99a35df6cb6,Компьютер HP ProDesk 400 G4 SFF i7-7700/16/480SSD Refurb,HP,,12550.0,,,,
605,2088610654,"Двери входные в квартиру Милано 4 Ваш ВиД Венге 860,960х2050х96 Левое/Правое",Ваш Вид,,17700.0,,,18400.0,
606,11617-68098,"Магнитола Lesko для Dodge Caliber I Рестайлинг 2009-2013 9"" 4/64Gb CarPlay 4G Wi-Fi GPS Prime (11617-68098)",Lesko,,12499.0,,,16249.0,
607,37442441,Москитная сетка для дверей Clip-on на магнитах G 90*200 см Серый (37442441),Clip-On,,1494.0,,,1894.0,
608,52560909,Раздвижная москитная сетка Clip-on 100х100 см Серый (52560909),Clip-On,,4300.0,,,5800.0,
609,19442,Кожаный кошелек в три сложения для женщин ST Leather 19442 Разноцветный,ST Leather,,1361.0,,,1815.0,
610,94-0140,Тепловентилятор ГОСПОДАР 2 кВт 220 В Red (94-0140),Господар,,1941.0,,,2157.0,
611,2069180735,Металлический стеллаж Emby Light Series 2100х900x600 мм 5 полок ДСП до 100 кг Белый,Emby,,4699.0,,,4799.0,
612,61951-Sweatshirt-Aqua-S,Толстовка No Brand 61951 Sweatshirt Aqua S,No Brand,,4150.0,,,5810.0,
613,55653,Мужская кожаная сумка Keizer K16024bl-black,Keizer,,1698.0,,,2277.0,
614,48538,Мужская кожаная сумка Ricco Grande T1tr0025br-brown,Ricco Grande,,2460.0,,,3919.0,
615,2090045149,Армейский туристический рюкзак A21 70 л 65х16х35 см черный (2090045149),A21,,2070.0,,,2173.0,
616,45495,Нож кухонный универсальный 130 мм Tojiro Shippu (FD-592),Tojiro,,4618.95,,,,
617,64120-Hooded-Sweatshirt-Grey-L,Худи No Brand 64120 Hooded Sweatshirt Grey L,No Brand,,4550.0,,,6370.0,
618,228289,Декоративная фигурка 37см Zephyr and Flora Veronese,Veronese,,9860.0,,,,
619,BN-KLATCH-4-choko,Кожаный  клатч-купюрник 4.0 темно-коричневый краст BlankNote,BlankNote,,3120.0,,,,
620,8493,Кровать Орфелия МАКСИ МЕБЕЛЬ (под матрас 1900 х 800) Дуб сонома (8493),МАКСИ МЕБЕЛЬ,,11864.0,,,,
621,10644,"Тумба двухдверная без ящиков (без столешницы) 1,0 МАКСИ МЕБЕЛЬ (10644)",МАКСИ МЕБЕЛЬ,,4097.0,,,,
622,11063,Стол руководителя Статус 2000 (плюс) МАКСИ МЕБЕЛЬ Венге мегия (11063),МАКСИ МЕБЕЛЬ,,12754.0,,,,
623,12205,Бортик защитный для кровати №3 Тедди (под толщину боковой царги 22 мм) МАКСИ МЕБЕЛЬ Бук (12205),МАКСИ МЕБЕЛЬ,,1933.0,,,,
624,12391,Стол обеденный Турин М2 ST (ширина 900) МАКСИ МЕБЕЛЬ Дуб сонома (12391),МАКСИ МЕБЕЛЬ,,4302.0,,,,
625,12424,Приставной стол Маркус NEW BL (плюс) МАКСИ МЕБЕЛЬ дуб сонома (12424),МАКСИ МЕБЕЛЬ,,3073.0,,,,
626,12538,Тумба для обуви Пуф для прихожей (ширина 900 мм) МДФ накладки декор МАКСИ МЕБЕЛЬ Орех лесной (12538),МАКСИ МЕБЕЛЬ,,5225.0,,,,
627,12598,Прихожая Самира МДФ накладки декор (плюс) МАКСИ МЕБЕЛЬ Яблоня локарна (12598),МАКСИ МЕБЕЛЬ,,18100.0,,,,
628,12713,Шкаф-купе Эконом ШКЭ 2100х2400х450 МАКСИ МЕБЕЛЬ Дуб трюфель (12713),МАКСИ МЕБЕЛЬ,,27170.0,,,,
629,5102254,Навесной шкаф закрытый (двухдверный - двери горизонтально) с крашеными МДФ фасадами ширина 600 МАКСИ МЕБЕЛЬ (5102254),МАКСИ МЕБЕЛЬ,,6084.0,,,,
630,80025,Навесной шкаф закрытый (двухдверный - двери горизонтально) ширина 800 МАКСИ МЕБЕЛЬ Серый/Ваниль (80025),МАКСИ МЕБЕЛЬ,,3914.0,,,,
631,80038,Навесной шкаф-витрина (однодверный) (стекло 4 мм) ширина 400 МАКСИ МЕБЕЛЬ Серый/Ваниль (80038),МАКСИ МЕБЕЛЬ,,2756.0,,,,
632,FX-1106,Степлер рессорный WERTVOLL 4-В-1 скоба R53 6-14мм/R13 6-14 мм/R140 6-14 мм/гвоздь 15мм Grey (FX-1106),Wertvoll,,1540.0,,,1711.0,
633,177512044,Кеды мужские Konors серые натуральный нубук 754-24DTS 44,Konors,,2870.0,,,,
634,FV5948-101-39,Кроссовки женские Nike Air Force 1 Gs (FV5948-101) 39 Белый,Nike,,4125.0,,,6708.0,
635,342321_40,Кеды зимние высокие 342321 Fashion 40 (25 см) Розовый,Fashion,,1199.0,,,1439.0,
636,LFS000072-S,Костюм для фитнеса 3 в 1 женский LILAFIT Синий S (LFS000072),LILAFIT,,2258.0,,,,
637,11765-69614,"Штатная магнитола Lesko для Lexus ES VI 2012-2015 9"" 6/128Gb 4G Wi-Fi GPS Top (11765-69614)",Lesko,,17640.0,,,22932.0,
638,11818-70616,"Штатная магнитола Lesko для Nissan Patrol VI (Y62) Рестайлинг 2014-н.в. 9"" 2/32Gb 4G Wi-Fi GPS Top (11818-70616)",Lesko,,9499.0,,,12349.0,
639,11806-69718,"Штатная магнитола Lesko для Nissan Altima IV (L32) Рестайлинг 2009-2013 9"" 2/32Gb Wi-Fi GPS Base (11806-69718)",Lesko,,5899.0,,,7669.0,
640,12066-74143,"Штатная магнитола Lesko для BMW 1 серии II (F20/F21) Рестайлинг 2015-2017 9"" 2/32Gb Wi-Fi GPS Base (12066-74143)",Lesko,,9115.0,,,11850.0,
641,19014,Рюкзак-кенгуру для детей Yufeng До 15 кг Crimson (19014),Yufeng,,1360.0,,,1511.0,
642,1082837360,Домашний костюм Totalfit SETH4 M Красный (06399924),Totalfit,,2124.0,,,,
643,2460823354,Домашний костюм Totalfit SETH3-Q M Розово-черный (06399935),Totalfit,,2870.0,,,,
644,1435266793,Мяч футбольный Joma Dali II 400649-203-T5 №5 Разноцветный (57590080),Joma,,1907.0,,,,
645,Blanket_11-1Petal_KnittedBraid_230x240,Плед-покрывало косичка COSAS 230х240 см Petal Knitted Braid Пудровый,COSAS,,3490.0,,,,
646,3649,Толстовка Berserk Sport AGAT XL black (019894),Berserk Sport,,1950.0,,,,
647,6288,Шорты Berserk Sport KICK Time To M black (019930),Berserk Sport,,1170.0,,,,
648,33645,Шорты Berserk Sport 2 1 M pink (020052),Berserk Sport,,1200.0,,,,
649,1720887721,Мужские ботинки Bates Rush Patrol 45 Черный (1720887721),Bates,,2990.0,,,4990.0,
650,НС001053,Виниловая интерьерная наклейка Кавун Животные Boho Kids style 60 х 210 см (НС001053),Кавун,,1993.0,,,2356.0,
651,8317,Пасхальная круглая скатерть Злагода Прованс Разноцветный 136 см (8317),Прованс,,1390.0,,,1690.0,
652,8232,Гобеленовая скатерть Лужайка Прованс 135х350 см Разноцветный (8232),Прованс,,3290.0,,,3790.0,
653,C.P.-COMPANY-Chrome-Lens-Pocket-Shorts-Orange-XL,Мужские шорты C.P. Company XL Оранжевый (6622b545af55044df7182532),C.P. Company,,3250.0,,,4550.0,
654,10900-68185,"Штатная магнитола Lesko для Peugeot 607 I Рестайлинг 2004-2010 9"" 6/128Gb 4G Wi-Fi GPS Top (10900-68185)",Lesko,,13999.0,,,18199.0,
655,NH3-37-11,Накладка DHS Hurricane Neo 3-37 - 37 2.1 мм Красная,DHS,,1595.0,,,,
656,Bed_Mango_17Rosette_160x200,Кровать двуспальная COSAS Mango Rosette 160x200 см Лиловый,COSAS,,20300.0,,,,
657,3530013501746,Сыворотка для кожи лица подпитывающая кожу кислородом Phytomer SVV130 30 мл (3530013501746),Phytomer,,3825.0,,,5885.0,
658,8436550509540,Туалетная вода для женщин Tous Your Powers 90 мл (8436550509540),Tous,,4485.0,,,5277.0,
659,000020965,Свитшот 4Profi Мила бежевый Этно карта Украина M,4Profi,,1290.0,,,,
660,000021301,Свитшот 4Profi Мила серый Быстрее ветра L (48),4Profi,,1190.0,,,,
661,613741,Светильник подвесной в стиле лофт MSK Electric Silvia NL 05371-3 W,MSK Electric,,1861.2,,,,
662,616276,Светильник потолочный MSK Electric Telescope с повортными плафонами NL 22501-6 WH,MSK Electric,,3722.4,,,,
663,220860-2_Оранжевый-черный_42,Футзалки обувь для мини-футбола DIFENO 220860-2 42 Оранжевый-черный,Difeno,,1229.0,,,,
664,220812-2_Черный-красный_44,Футзалки обувь для мини-футбола PRIMA 220812-2 44 Черный-красный,PRIMA,,1242.0,,,,
665,TA-9593,Скамья атлетическая Zelart TA-9593 120x62x49 см Черный,Zelart,,10349.0,,,,
666,2183120378,Шкаф для одежды Doros Промо Кашемир 2+3 ДСП 225х48х204 см (80737673),Doros,,13437.0,,,,
667,CK16-1_Черный-красный_45,Бутсы футбольные LiJIN CK16-1 45 черный-красный,LiJIN,,1842.0,,,,
668,759-1-1_Голубой-фиолетовый_35,Сороконожки футбольные детские ZHENZU 759-1-1 35 голубой-фиолетовый,ZHENZU,,1343.0,,,,
669,2214578955,Текстильный чемодан на колесах Gedox 100L Темно-синий,Gedox,,3480.0,,,,
670,46450,"Чайник чугунный 1,2 л Berlinger Haus Black Silver Collection (BH-7801)",Berlinger Haus,,1799.0,,,,
671,9004009,Комод Тиса Мебель 410 Дуб Тахо 90x45x60 см,Тиса Мебель,,6633.0,,,,
672,MLP_90_80x160см,Картина на холсте Art Dekors Поле ромашек 80x160 см MLP 90,Art Dekors,,2299.0,,,2499.0,
673,MLP_112_80x160см,Картина на холсте Art Dekors Люди 80x160 см MLP 112,Art Dekors,,2299.0,,,2499.0,
674,110635_816794,Джинсы женские Ager 44 Серый 244R413-420 (110635_816794),AGER,,1139.0,,,3649.0,
675,Blanket_02Avori_GreekWaffle_200x220,Плед-покрывало вафельное COSAS 200х220 см Avori Greek Waffle Капучино,COSAS,,2690.0,,,,
676,Bed_Mandarin_28Shadow_90x200,Кровать односпальная COSAS Mandarin Shadow 90х200 см Перламутр,COSAS,,16150.0,,,,
677,Bed_Papaya_44Magnolia_90x200,Кровать односпальная COSAS Papaya Magnolia 90х200 см Миндаль,COSAS,,13400.0,,,,
678,61608,Радиатор Ideale Adele 12 5/1800/295 антрацит,Ideale,,15555.0,,,,
679,MED1-KY160D,Складной скутер для людей с ограниченными возможностями MED1 KY160D Black,MED1,,49999.0,,,,
680,00-00059944,Парфюмерная вода женская Carolina Herrera Very Good Girl 2021 30 мл (00-00059944),Carolina Herrera,,3155.0,,,,
681,ЦБ-00006119,Парфюмерная вода унисекс Marelle Perfumes King'S Web 2021 100 мл (ЦБ-00006119),Marelle Perfumes,,5727.0,,,,
682,00-00025998,Парфюмерная вода женская Yves Saint Laurent Opium Black Neon 30 мл (00-00025998),Yves Saint Laurent,,3891.0,,,,
683,00-00025571,Парфюмерная вода унисекс Zarkoperfume Collection №1 2017 100 мл Тестер (00-00025571),Zarkoperfume,,6898.0,,,,
684,00-00065874,Парфюмерная вода унисекс Gravel 46Th Street 2020 100 мл (00-00065874),Gravel,,5266.0,,,,
685,ЦБ-00001088,Парфюмерная вода унисекс Parfums de Rosine For Le Snob N°2 100 мл (ЦБ-00001088),Parfums de Rosine,,6043.0,,,,
686,3_05137,Машинка для стрижки волос VGR V-005 аккумуляторная 8 насадок 2600mAh 8W Gold,VGR,,1394.0,,,1858.0,
687,27bc9b69-e131-11ee-a8d2-81b52f999de0,Компьютер Refurb HP ProDesk 600 G2 MT i5-6500/16/480SSD,HP,,9900.0,,,,
688,54c464a2-f4d5-4dc3-a6ca-9f6d51be81b4,Компьютер Refurb HP ProDesk 600 G3 MT i3-6100/8/240SSD,HP,,6480.0,,,,
689,MLP_230_80x160см,Картина на холсте Art Dekors Великобритания 80x160 см MLP 230,Art Dekors,,2299.0,,,2499.0,
690,MLP_238_80x160см,Картина на холсте Art Dekors Сирень 80x160 см MLP 238,Art Dekors,,2299.0,,,2499.0,
691,MLP_252_80x120см,Картина на холсте Art Dekors Цветы 80x120 см MLP 252,Art Dekors,,1559.0,,,1959.0,
692,Force 4.6 Black RGB,Компьютерное кресло huzaro Force 4.6 RGB Black,huzaro,,7499.0,,,8000.0,
693,MLP_287_80x120см,Картина на холсте Art Dekors Чашка кофе 80x120 см MLP 287,Art Dekors,,1559.0,,,1959.0,
694,MLP_302_80x120см,Картина на холсте Art Dekors Дерево в цветах 80x120 см MLP 302,Art Dekors,,1559.0,,,1959.0,
695,MLP_327_80x120см,Картина на холсте Art Dekors Одуванчик 80x120 см MLP 327,Art Dekors,,1559.0,,,1959.0,
696,MLP_346_90x180см,Картина на холсте Art Dekors Биткоин 90x180 см MLP 346,Art Dekors,,2789.0,,,3089.0,
697,MLP_379_80x120см,Картина на холсте Art Dekors Нью-Йорк 80x120 см MLP 379,Art Dekors,,1559.0,,,1959.0,
698,8033254497038,Мицеллярное молочко для всех типов кожи Alissa Beautе Essential Micellar Milk 200 мл,Alissa Beaute,,1967.0,,,,
699,Nor2110660101,Точечный светильник Nordlux Landon Белый (Nor2110660101),Nordlux,,2203.0,,,,
700,148010000M,Юбка Lesia 24217101 Серый M (148010000M),Lesia,,1533.0,,,2190.0,
701,202305675,Штатная магнитола TORSSEN 2K Hyundai Elantra 19+ FL9 4+64Gb 4G Carplay DSP (202305675),TORSSEN,,15798.76,,,19748.45,
702,202305768,Штатная магнитола TORSSEN 2K Kia Seltos 2020+ FL9 4+64Gb 4G Carplay DSP (202305768),TORSSEN,,19522.78,,,24403.48,
703,15026,Комод Эверест Соната-5 105х38х94 см крафт белый,Эверест,,4416.0,,,,
704,15173,"Стеллаж Компанит П 33 88,5х27,5х89,3 см Дуб сонома",Компанит,,3543.0,,,,
705,16699,Полка навесная Компанит П 11 80х30х55 см Дуб крафт золотой,Компанит,,1539.0,,,,
706,16729,"Стеллаж Компанит П 33 88,5х27,5х89,3 см Дуб крафт золотой",Компанит,,3543.0,,,,
707,219-1116,Домашние тапочки Family Story Мордочка Жирафа 44-45 Желтый (n11-06-45e),Family Story,,1999.0,,,,
708,243-1369,Набор домашних тапочек Family Story 38-39 Кремовый / 44-45 Мокко (x05-03-39f-n0102-45f-003b),Family Story,,1698.0,,,,
709,295-1912,Домашние тапочки Family Story Пушистики Орхидея 32-33 (p03-05k-33f),Family Story,,1499.0,,,,
710,306-2055,Женские домашние тапочки Family Story МРІЯ Персиковый 34-35 (m03-15-35e),Family Story,,1499.0,,,,
711,2303189731,Костюм-тройка тактический мужской No Brand Universal ВТ6778 7-02 L Мультикам,No Brand,,3499.0,,,3599.0,
712,2342119959,Светодиодная люстра No Brand Световая Симфония PJ859 Black 90 см,No Brand,,7839.0,,,7939.0,
713,202306092,Штатная магнитола TORSSEN BMW 5 e39 FL9 4+64Gb 4G Carplay DSP,TORSSEN,,13411.74,,,16764.68,
714,202306190,Штатная магнитола TORSSEN Ford Mustang 2009-2014 FL9 4+64Gb 4G Carplay DSP,TORSSEN,,15829.94,,,19787.43,
715,202306426,Штатная магнитола TORSSEN Mercedes Vito/Viano/Sprinter/Crafter FL9 4+64Gb 4G Carplay DSP,TORSSEN,,13411.74,,,16764.68,
716,202306520,Штатная магнитола TORSSEN Renault Duster 15-17 FL9 4+64Gb 4G Carplay DSP,TORSSEN,,13411.74,,,16764.68,
717,202306521,Штатная магнитола TORSSEN Renault Express 2021+ FL9 4+64Gb 4G Carplay DSP,TORSSEN,,13411.74,,,16764.68,
718,202306658,Штатная магнитола TORSSEN universal FL10 4+64Gb 4G Carplay DSP,TORSSEN,,13411.74,,,16764.68,
719,6828801821,Сумка женская Felicita 29х17х21 см Синий (6828801821),Felicita,,1985.0,,,2850.0,
720,19a4627f-e01d-4d6e-a340-5309e4acf818,Компьютер Refurb HP ProDesk 600 G3 SFF i5-6500/8/240SSD,HP,,7100.0,,,,
721,26457,Худи Bioworld Незуко Камадо Demon Slayer MRZ v398 M Черный (26457),Bioworld,,1750.0,,,,
722,26422,Худи Bioworld Зора Идеале Black Clover MRZ v389 XL Черный (26422),Bioworld,,1750.0,,,,
723,26391,Худи Bioworld Hunter x Hunter MRZ v381 XL Черный (26391),Bioworld,,1750.0,,,,
724,22728,"Женское портмоне с монетницей из натуральной кожи ST Leather 22728 Черный 11,5х8,5х2 см",ST Leather,,1219.0,,,1625.0,
725,22733,"Вертикальное мужское портмоне из натуральной кожи ST Leather 22733 Черный 10,5х13х2 см",ST Leather,,1159.0,,,1546.0,
726,SO4915,Вибратор Iroha ZEN Yuzucha с нежной ребристой поверхностью,Iroha,,2729.0,,,,
727,11535,Сетевой видеорегистратор Ajax NVR 8-ch 8 Мп Черный (11535),Ajax,,7299.0,,,,
728,LS81ABK-XXL,Лонгслив Dobermans Aggressive Celtic LS81ABK XXL Черный,Dobermans Aggressive,,1964.0,,,,
729,10170,Коряга для аквариума Hobby Fingerwood Shadow 40х60 см Коричнево-черный (HB40490),Hobby,,2350.0,,,,
730,4867,Дрожжевые таблетки для собак Canina Hefe комплекс с энзимами и ферментами 992 шт 800 г (130016),Canina,,2030.0,,,,
731,4898,Витамины для собак Canina V25 мультивитамин 210 шт 700 г (110124 AD),Canina,,3336.0,,,,
732,13499,Клетка для птиц Природа Лина 44x27x54 см Фиолетовый (PR241475),Природа,,1769.0,,,,
733,230991,Набор квадратных тарелок BonaDi Green 20х20 см Салатовый 6 шт DP230991,BonaDi,,2900.0,,,,
734,5331/4+4 WHT RGB,Потолочная LED люстра Sunlight 5331/4+4 R белый,Sunlight,,3539.34,,,5618.0,
735,178917040,Ботинки женские Melanda Черный 327-24DHC 40 26 см (178917040),Melanda,,4420.0,,,4920.0,
736,178938038,Ботинки женские Molka Черный 342-24DHC 38 24.5 см (178938038),Molka,,2950.0,,,4205.0,
737,ShowerCurtains_08Coral_DUK_180x180,Шторка для душа и ванной COSAS CORAL 180x180 см Лавандовый,COSAS,,2250.0,,,,
738,1607006,Электрорубанок KRAISSMANN 850 EH 3/82,KRAISSMANN,,2450.0,,,2588.0,
739,2110241-56-58:1,Спортивный костюм PEONY Спорт шик №24-2 56-58 Бежевый (2110241-56-58:1),PEONY,,1450.0,,,1933.0,
740,231638,Десертный набор тарелок 6 шт Belle White 25 см BonaDi Белый DP231638,BonaDi,,3430.0,,,,
741,Art-663_3_70х130см,Картина модульна Art Dekors Захід сонця 70х130 см Art-663 3,Art Dekors,,1689.0,,,2089.0,
742,Art-691_3_100х150см,Картина модульна Art Dekors Квіткове дерево 100х150 см Art-691 3,Art Dekors,,2199.0,,,2499.0,
743,2933534593114,Повязка на голову LuckyLOOK КРІСТЕН One Size Серый (593-114),LuckyLOOK,,1895.0,,,,
744,39393001-44.5,Ботинки мужские Puma Tarrenz Sb Iii Puretex 44.5 Черный (39393001),Puma,,5141.0,,,6169.2,
745,BCW39656-S,Свитшот Patagonia 73 Skyline Uprisal Crew Sweatshirt S Бежевый (BCW39656),Patagonia,,5084.0,,,6100.8,
746,FB7921-222-S,Кофта мужская Nike Sportswear Tech Fleece Windrunner S Оливковый (FB7921-222),Nike,,8197.0,,,8684.0,
747,FN5812-010-2XL,Худи мужской Jordan Dri-Fit Sport 2XL Черный (FN5812-010),Jordan,,3418.0,,,4940.0,
748,FV8610-010-XL,Худи мужской Nike Air Dri-Fit Fleece Pullover XL Разноцветный (FV8610-010),Nike,,4125.0,,,4472.0,
749,FZ1934-010-XL,Свитшот мужской Jordan M J Brand Never Ls Crew XL Черный (FZ1934-010),Jordan,,4250.0,,,5100.0,
750,NF0A5GMTIVC-L,Худи мужской THE NORTH FACE Printed Campshire Pullover Hoodie L Разноцветный (NF0A5GMTIVC),THE NORTH FACE,,5576.0,,,6691.2,
751,DA7165-677-S,Куртка мужская Jordan Sport Dna S Красный (DA7165-677),Jordan,,6561.0,,,7873.2,
752,GT1699-S,Куртка мужская Adidas Utilitas Ho Pka Gt S Черный (GT1699),Adidas,,4920.0,,,5824.0,
753,FB7378-010-S,Шорты мужские Nike Tech Pack S Комбинированный (FB7378-010),Nike,,4125.0,,,4950.0,
754,1052-00.6118.249.008,Шатуны Sram Crank Set Rival22 GXP 175 52-36 Yaw Black (1052-00.6118.249.008),SRAM,,8878.0,,,,
755,1052-3HM 135 CE00 M NO1,Шлем Met Mobilite MIPS CE 57-60 Black (1052-3HM 135 CE00 M NO1),Met,,4968.0,,,,
756,iz15981,"Сумка плечевая Tribe Sling Pack T-IE-0003 6,5 л Койот",Tribe,,1274.0,,,1460.0,
757,5391,Вихревой воздушный компрессор Sunsun HG-550C 1580 л/м Серый (HG-550C),Sunsun,,11700.0,,,,
758,416235,Смеситель для умывальника на гайке Zegor LEB1-А123MG Графит (416235),Zegor,,1830.0,,,,
759,301856,IP-видеорегистратор для систем видеонаблюдения Atis TC-R3840 301856,Atis,,32130.0,,,,
760,13175-82914,"Штатная магнитола Lesko Toyota RAV4 III (XA30) 2006-2012 9"" 1/16Gb Wi-Fi GPS Base (13175-82914)",Lesko,,5299.0,,,6889.0,
761,ART-032_3A_70х130см,Картина модульна Art Dekors Золоті метеликии 70х130 см ART-032 3A,Art Dekors,,1689.0,,,1989.0,
762,10665-57439,"Штатная магнитола Lesko Audi RS Q3 I (8U) 2013-2015 9"" 4/64Gb 4G Wi-Fi GPS Top (10665-57439)",Lesko,,10499.0,,,13649.0,
763,1081-280567.006,Велосипед Scott Aspect 930 S White (1081-280567.006),Scott,,49500.0,,,,
764,1081-286350.008,Велосипед Scott Aspect 970 M Green (1081-286350.008),Scott,,30200.0,,,,
765,1033-BD 140001.0000-S,Ледоходы Black Diamond Access Spike Traction Device S Черный (1033-BD 140001.0000-S),Black Diamond,,4027.0,,,,
766,"1097-6524828-U901 6,5","Перчатки CMP Women's Softshell Touchscreen Gloves Black S (1097-6524828-U901 6,5)",CMP,,1463.0,,,,
767,1053-GL0150S,Перчатки Omer Spider 5 mm Black White S (1053-GL0150S),Omer,,1900.0,,,,
768,1054-015.1554,Перчатки Trekmates Gulo Glove Black XL (1054-015.1554),Trekmates,,2354.0,,,,
769,1052-3813221 6607,Рюкзак Deuter Gogo 25 л Caramel-Clay (1052-3813221 6607),Deuter,,3174.0,,,,
770,1053-136982/1129,Рюкзак Gregory Kiro 22 л Brick Red (1053-136982/1129),Gregory,,6878.0,,,,
771,1033-ACC PA751.1799-XSS,Термокофта Accapi Polar XS-S Bear Green (1033-ACC PA751.1799-XSS),Accapi,,5304.0,,,,
772,1053-15-1416-8-4-0002-cod,Термокофта Fuse Code Merino Longshirt Man XXL Черный (1053-15-1416-8-4-0002-cod),Fuse,,2719.0,,,,
773,1081-277794.7037.006,Термоштаны Scott W Defined Merino S Aqua blue light grey (1081-277794.7037.006),Scott,,4500.0,,,,
774,2004519,Зажигалка бензиновая Zippo Bullet Holes 3D 5.65х3.81 см Серебристый (2004519),Zippo,,4281.0,,,,
775,2438680347,Женский комплект для дома Vivioji  KTW-24-1 XL Cеро-розовый (14285),Vivioji,,1438.0,,,2054.29,
776,1586951792/S,Мужской спортивный костюм с барсеткой No Brand President S Красно-черный (1586951792/S),No Brand,,1649.0,,,,
777,162SW21СBLS,Купальник закрытый с чашками Perfect Female beach comfort S Черный (162SW/21С/BL),Perfect Female,,1420.0,,,1700.0,
778,183LS27BRblL70D,Комплект белья hola Perfect Female Черный L/70D (183LS-27BR-bl),Perfect Female,,1450.0,,,,
779,173LS27HErXS70B,Комплект белья с высокой посадкой Perfect Female Красный XS/70B (173LS-27HE-r),Perfect Female,,1350.0,,,,
780,173LS27HErXS85АA,Комплект белья с высокой посадкой Perfect Female Красный XS/85АA (173LS-27HE-r),Perfect Female,,1350.0,,,,
781,1811LS32TrXS85A,Комплект белья из сатина с чашкой present Perfect Female Красный XS/85A (1811LS-32T-r),Perfect Female,,1590.0,,,1700.0,
782,189SW21TAblwhXS70C,Купальник женский Perfect Female glow XS/70C Черный (189SW/21TA/blwh),Perfect Female,,1580.0,,,1800.0,
783,1812LS11BRblXL80A,Комплект белья из кружева divine Perfect Female Черный XL/80A (1812LS-11BR-bl),Perfect Female,,1150.0,,,,
784,193LS32BRbrXL75A,Комплект белья из сатина ness Perfect Female Бордовый XL/75A (193LS-32BR-br),Perfect Female,,1650.0,,,,
785,(V570-5_L),Картина на холсте No Brand Узор с золотыми листьями на чёрном фоне 137x85 см (V570-5_L),No Brand,,2657.0,,,5314.0,
786,(V583-5_L),Картина на холсте No Brand Птицы в ветвях дерева на белом фоне 137x85 см (V583-5_L),No Brand,,2657.0,,,5314.0,
787,(V538-5_L),Картина на холсте No Brand Детская карта мира с волшебными животными 137x85 см (V538-5_L),No Brand,,2657.0,,,5314.0,
788,(V469-5_L),Картина на холсте No Brand Красивые тропические джунгли 137x85 см (V469-5_L),No Brand,,2657.0,,,5314.0,
789,261521,Интерьерная фигурка Bona Rabbit bust in green 23 см Разноцветный (261521),Bona,,1970.0,,,,
790,20556,Юбка RiMari Петра СП 0322 44 Бело-черный (20556),RiMari,,1360.0,,,,
791,1068-4801202 7 872,Перчатки Reusch Slash R-Tex XT 7 Dark Brown Black (1068-4801202 7 872),Reusch,,5940.0,,,,
792,179538043,Туфли мужские Brooman 1028-24DT 43 Черный (179538043),Brooman,,3675.0,,,,
793,179631043,Ботинки мужские Vadrus 580-25ZHC 43 Черный (179631043),Vadrus,,3240.0,,,4445.0,
794,179673036,Ботинки женские Kento 74-24DHS 36 Черный (179673036),Kento,,2460.0,,,3215.0,
795,179874041,Кеды мужские Konors 868-25DTS 41 Черно-бежевый (179874041),Konors,,2755.0,,,,
796,VelourHarmony_choco_M,Пижама женская COSAS Velour Harmony M Шоколадный,COSAS,,2190.0,,,,
797,PureEssence_beige_L,Пижама женская COSAS Pure Essence L Бежевый,COSAS,,1990.0,,,,
798,2477197751,Ноутбук HP Zbook 15 G2 16 GB 1000GB А- Refurbished,HP,,15999.0,,,18999.0,
799,2475919721,Серебряное кольцо No Brand Клуб адского пламя Очень странные дела 193569C00 58,No Brand,,1473.0,,,2677.0,
800,10485-51866,"Штатная магнитола Lesko Hyundai Grand Starex I 2007-2015 9"" 4/64Gb CarPlay 4G Wi-Fi GPS Prime (10485-51866)",Lesko,,12499.0,,,16249.0,
801,43292,"Велосипед Formula Cherry 9""  ST 18"" Розово-сиреневый (OPS-FRK-18-135)",Formula,,4845.0,,,,
802,BZ-425.М,Беговая дорожка Abarqs BZ-425M Black,Abarqs,,22999.0,,,29000.0,
803,1341773115,Серебряное кольцо No Brand Соединенные сердца 190980 48,No Brand,,1209.0,,,2198.0,
804,1341781542,Серебряный браслет No Brand базовый 590702HV 22,No Brand,,2158.0,,,3924.0,
805,1341784140,Серебряный браслет No Brand с регулируемой застежкой 587132 23,No Brand,,1669.0,,,3033.0,
806,1341786717,Серебряный браслет No Brand Микки 590731CZ 21,No Brand,,2198.0,,,3996.0,
807,1341787763,Серебряное кольцо No Brand Морские ракушки 198943C00 48,No Brand,,1321.0,,,2402.0,
808,1453183605,Серебряные серьги No Brand 297072 (1453183605),No Brand,,1444.0,,,2626.0,
809,1713744473,Серебряный браслет No Brand в позолоте 582257C00 18,No Brand,,1255.0,,,2282.0,
810,1746423419,Серебряное кольцо No Brand 182283C01 56,No Brand,,1161.0,,,2111.0,
811,1746423456,Серебряное кольцо No Brand Любовь и люди 192222C01 54 (1746423456),No Brand,,1773.0,,,3224.0,
812,2419595468,Серебряное кольцо No Brand с пурпурным камнем 189259C06 58,No Brand,,1233.0,,,2242.0,
813,2438687351,Серебряное кольцо No Brand 191042CZ 52,No Brand,,1321.0,,,2402.0,
814,00000074847,Тумба Lion Амарант 168x40x76.5 см Дуб Сонома/Перламутровый металлик (LION-043052),Lion,,12123.0,,,14548.0,
815,00000073469,Двуспальная кровать Lion Нино Silk 501 Небесно-голубой 180x200 см (Lion-041397),Lion,,18387.0,,,22064.0,
816,hub_srn1bj,Штаны мужские тактические Family Story 4Wstretch 46 Green (hub_srn1bj),Family Story,,2250.0,,,,
817,180540039,Туфли женские Brocoly 497-25DTC 39 Бежевый (180540039),Brocoly,,3330.0,,,,
818,180610038,Туфли женские Sasha Fabiani 32-25DT 38 Черный (180610038),Sasha Fabiani,,2830.0,,,3445.0,
819,1106-404911003,Велоперчатки Troy Lee Designs Air Glove Camo Grey White M (1106-404911003),Troy Lee Designs,,1687.0,,,,
820,180800038,Босоножки женские Melanda 408-25LBC 38 Белый (180800038),Melanda,,2295.0,,,,
821,181076040,Кеды мужские Brooman 1064-25LTC 40 Черный (181076040),Brooman,,2190.0,,,2995.0,
822,181255039,Туфли мужские Vadrus 611-25DT 39 Черный (181255039),Vadrus,,2755.0,,,,
823,181522038,Босоножки женские Grossi 251-25LBC 38 Белый (181522038),Grossi,,2295.0,,,,
824,901131-332_Темно-синий_M,Купальник для плавания слитный женский Joma LAKE III 901131-332 M Темно-синий,Joma,,1549.0,,,,
825,24T863_Черный_M,Шорты для плавания мужские YINGFA 24T863 M Черный,YINGFA,,1145.0,,,,
826,BB426-25_Оранжевый-белый,Мяч баскетбольный STAR Jumbo Fx9 Bb426-25 №6 Оранжево-белый,STAR,,2024.0,,,,
827,VL-8486_Черный-оранжевый_40,Борцовки FISTRAGE VL-8486 40 Черно-оранжевый,FISTRAGE,,1401.0,,,,
828,2454,Мобильный телефон Fossibot F112 Pro 8/256GB Green (2454),Fossibot,,9669.0,,,10236.0,
829,a097aeda-f347-11ea-9b94-001b21399f90,Компьютер Refurb Lenovo M710s SFF i5-6500/8/240SSD,Lenovo,,6900.0,,,,
830,202309364,Штатная магнитола TORSSEN NRJ-A1 Mazda CX5 2017-2021 4/64Gb 12.4'' (202309364),TORSSEN,,18378.32,,,22972.9,
831,31-18021,Люстра Candellux Juta 20x100 см Белый (31-18021),Candellux,,3539.0,,,,
832,25763-45,Люстра Laguna Lighting 257 120x120 см Черный (25763-45),Laguna Lighting,,5046.0,,,,
833,Nor2310221003,Подсветка Nordlux Malaika 68.5x5.5x7 см Черный (Nor2310221003),Nordlux,,3598.0,,,,
834,Kan29119,Спот Kanlux Mileno 71.5x10.5x14 см Серый (Kan29119),Kanlux,,3622.0,,,,
835,30522-1,Люстра PikArt 30522 20x120 см Прозрачно-черный (30522-1),PikArt,,4400.0,,,,
836,BR9003-44,Люстра WunderLicht Br9003 27x35 см Хром (BR9003-44),WunderLicht,,10125.0,,,,
837,Kan29012,Парковый столбик Kanlux Vadra 8.2x8.2x50 см Антрацит-белый (Kan29012),Kanlux,,2540.0,,,,
838,Now10206,Светильник линейный Nowodvorski Cl 6x7 см Черный (Now10206),Nowodvorski,,9079.0,,,,
839,VL-4413_Черный-оранжевый_S,Защита голени и стопы для единоборств FISTRAGE Combat VL-4413 S Черно-оранжевый,FISTRAGE,,1852.0,,,,
840,2628925581,Краска влагостойкая Skyline Premiumlatex 20 полуматовая Белый 6 кг,Skyline,,2018.0,,,,
841,2628929554,Эмаль для пола Skyline Светло-серый RAL 7035 10 л,Skyline,,3667.0,,,,
842,2628930124,"Эмаль-грунт 3в1 Skyline акрил-полиуретановая шелковисто-матовая RAL 3015 Розовый 3,6 кг",Skyline,,1474.0,,,,
843,2628930155,Эмаль-грунт 3в1 Skyline акрил-полиуретановая шелковисто-матовая RAL 7024 Графитовый 6 кг,Skyline,,2225.0,,,,
844,LT09130000000,Пенал закрытый Art in Head Light 2 40х50х220 см Дуб Сонома (LT09130000000),Art in Head,,4620.0,,,,
845,XJX-JK179_Черный_2XL,Мотокуртка Scoyco XJX-JK179 2XL Черный,Scoyco,,3640.0,,,,
846,4051395413186,Туалетная вода для мужчин Bugatti Performance Intense black 100 мл (4051395413186),Bugatti,,2779.0,,,3269.0,
847,2933533687937,Шапка женская LuckyLOOK Бини OLIVIA 687-937 One Size Бордовый (2933533687937),LuckyLOOK,,1995.0,,,,
848,18d1fc9b-6d24-4022-814a-2e720ab9cde5,Компьютер Refurb Dell Precision 5820 Tower Xeon W-2123/32/512SSD/1TB/Quadro P2200-5Gb,Dell,,22500.0,,,,
849,22126,Брюки RiMari Жерона БР 0125 50 Синий (22126),RiMari,,1400.0,,,,
850,13546-87449,"Штатный комплект с рамкой Lesko 9"" Audi A4 2009-2016 CAN-BUS (1234-357)",Lesko,,7868.0,,,9049.0,
851,13773-88019,"Штатная магнитола Lesko Audi SQ5 I (8R) ver High 2013-2017 9"" 2/32Gb Wi-Fi GPS Base (13773-88019)",Lesko,,9106.0,,,11838.0,
852,1445804601,Автоковрики Digital Designs Volkswagen Caravelle 3 шт Черный (1445804601),Digital Designs,,1349.0,,,,
853,1501244718,Автоковрики Digital Designs Mercedes-Benz M-Klasse (W166) 2011- 5 шт Коричневый (1501244718),Digital Designs,,1649.0,,,,
854,1501244720,Автоковрики Digital Designs Peugeot Traveller 2017- 2 шт Серый (1501244720),Digital Designs,,1349.0,,,,
855,1538300656,Автоковрики Stingray Kia Ceed 5 шт Черный (1538300656),Stingray,,1610.0,,,1740.0,
856,1542321512,Автоковрики Digital Designs Mercedes-Benz CLS C219 2004-2010 5 шт Черный (1542321512),Digital Designs,,1649.0,,,,
857,1726903980,Автоковрики Digital Designs Audi Q7 (4L) 2005-2015 5 шт Коричневый (1726903980),Digital Designs,,1649.0,,,,
858,1726904057,Автоковрики Digital Designs Audi Q7 (4L) 2005-2015 6 шт Коричневый (1726904057),Digital Designs,,2699.0,,,,
859,1830240711,Автоковрики Digital Designs Audi A3 (8V1) 2012- 5 шт Синий (1830240711),Digital Designs,,1649.0,,,,
860,1862651176,Автоковрики Digital Designs Ford Fiesta VI 2002-2008 5 шт Бежевый (1862651176),Digital Designs,,1649.0,,,,
861,2087113551,Автоковрик 3D Stingray Toyota  36x7x140 см Черный (2087113551),Stingray,,1538.0,,,,
862,2123746001,Автоковрики Digital Designs Toyota Land Cruiser (J6) 1980-1991 3 шт Коричневый (2123746001),Digital Designs,,1649.0,,,,
863,2130166660,Автоковрики Digital Designs Volkswagen Touareg (7LA/7L6/7L7) 2002-2010 5 шт Синий (2130166660),Digital Designs,,1649.0,,,,
864,2417137146,Автоковрик Digital Designs Opel Astra 16x16x100 см Синий (2417137146),Digital Designs,,1349.0,,,,
865,2536027042,Автоковрик Digital Designs Mitsubishi Space Star/Mirage 2012 16x16x120 см Черный (2536027042),Digital Designs,,1349.0,,,,
866,2536027064,Автоковрик Digital Designs Opel Ampera 2011 16x16x120 см Черный (2536027064),Digital Designs,,1349.0,,,,
867,2536027131,Автоковрик Digital Designs Seat Leon SC (5F5) 2013 16x16x120 см Черный (2536027131),Digital Designs,,1349.0,,,,
868,2536027204,Автоковрик Digital Designs Volvo S60 2000-2010 16x16x120 см Черный (2536027204),Digital Designs,,1349.0,,,,
869,2537366168,Автоковрик Digital Designs Hyundai Elantra V (MD/UD) 2011-2015 16x16x120 см Черный (2537366168),Digital Designs,,1349.0,,,,
870,2537366301,Автоковрик Digital Designs Mazda 6 RX (U38) 2003-2008 16x16x120 см Черный (2537366301),Digital Designs,,1349.0,,,,
871,2537366328,Автоковрик Digital Designs Mitsubishi Lancer Kombi (CS_W) 2003-2008 16x16x120 см Черный (2537366328),Digital Designs,,1349.0,,,,
872,2537366412,Автоковрик Digital Designs Suzuki SX4 (GY) 2006 16x16x120 см Черный (2537366412),Digital Designs,,1349.0,,,,
873,2537366429,Автоковрик Digital Designs Volkswagen Passat B7 2010-2015 16x16x120 см Черный (2537366429),Digital Designs,,1349.0,,,,
874,2537375096,Автоковрик Digital Designs Nissan Kicks 16x16x120 см Бежевый (2537375096),Digital Designs,,1349.0,,,,
875,2537375116,Автоковрик Digital Designs Opel Frontera B (6B_) 1998 16x16x120 см Бежевый (2537375116),Digital Designs,,1349.0,,,,
876,2537375996,Автоковрик Digital Designs Ford Fiesta VI 2002-2008 16x16x120 см Бежевый (2537375996),Digital Designs,,1349.0,,,,
877,2537376046,Автоковрик Digital Designs Hyundai i30 II (GD) 2012 16x16x120 см Бежевый (2537376046),Digital Designs,,1349.0,,,,
878,2537376126,Автоковрик Digital Designs Opel Astra J 2009 16x16x120 см Бежевый (2537376126),Digital Designs,,1349.0,,,,
879,2537382031,Автоковрик Digital Designs Kia Stonic 2017 16x16x120 см Синий (2537382031),Digital Designs,,1349.0,,,,
880,2537386318,Автоковрик Digital Designs Mazda CX-3 2015- 16x16x120 см Синий (2537386318),Digital Designs,,1349.0,,,,
881,2537386422,Автоковрик Digital Designs Chery R4 Ghost (RR4) 2008 16x16x120 см Синий (2537386422),Digital Designs,,1349.0,,,,
882,2537387262,Автоковрик Digital Designs Ford Mondeo IV 2007-2013 16x16x120 см Синий (2537387262),Digital Designs,,1349.0,,,,
883,2539021970,Автоковрик Digital Designs Suzuki SX4 (GY) 2006 16x16x120 см Синий (2539021970),Digital Designs,,1349.0,,,,
884,2539022415,Автоковрики Digital Designs Kia Mohave 2008 55x7x100 см Коричневый 5 шт (2539022415),Digital Designs,,1649.0,,,,
885,2539022686,Автоковрики Digital Designs Mercedes-Benz CL-class C216 2006-2014 55x7x100 см Коричневый 4 шт (2539022686),Digital Designs,,1649.0,,,,
886,2546143998,Автоковрик Digital Designs Cadillac XT5 16x16x120 см Коричневый (2546143998),Digital Designs,,1349.0,,,,
887,2546144003,Автоковрик Digital Designs Chery Tiggo 2006-2014 16x16x120 см Коричневый (2546144003),Digital Designs,,1349.0,,,,
888,2567369390,Автоковрики 3D Stingray Toyota Camry 2024- 4 шт Черный (2567369390),Stingray,,1870.0,,,,
889,2933534880603,Шапка женская LuckyLOOK МААТ 880-603 Черный (2933534880603),LuckyLOOK,,1495.0,,,,
890,89520,Подвеска оберег чертог девы Maxi Silver 9520 1.7 см Серебристый,Maxi Silver,,1704.0,,,2371.0,
891,8892180,Именная цепочка Julia Maxi Silver 8921 SE 45 см Серебристый,Maxi Silver,,2437.0,,,3089.0,
892,171979,Игровой коврик Baby Home Textile HE-36 Bluetooth 84х65х44 см Разноцветный (171979),Baby Home Textile,,1384.0,,,1538.0,
893,KN206,Туристический подарочный нож Gorillas BBQ Перо Феникса 34 см Черный (KN206),Gorillas BBQ,,32375.0,,,45325.0,
894,13770-88495,"Штатная магнитола Lesko Audi Q5 I (8R) Рестайлинг ver Low 2012-2017 9"" 2/32Gb 4G Wi-Fi GPS Top (13770-88495)",Lesko,,11956.0,,,15543.0,
895,114657,Щетка с тросами к набору Savent Turbo Pro 370 мм (114657),Savent,,1350.0,,,,
896,2933534923829,Шапка по голове мужская LuckyLOOK Стив One Size Серый 923-829,LuckyLOOK,,1295.0,,,,
897,2933534923928,Бафф мужской LuckyLOOK МЕЙС 20х22 см Бежевый (923-867),LuckyLOOK,,1295.0,,,,
898,182001038,Ботинки женские Oeego Черный 238-25DHC 38 24.5 см (182001038),Oeego,,3790.0,,,,
899,182031039,Ботинки женские Li Fexpert Коричневый 1893-26ZHS 39 25.5 см (182031039),Li Fexpert,,3245.0,,,3870.0,
900,H019,Кресло мешок для подростков с внутренним чехлом Altan 110x80 см Желтый (H019),Altan,,1700.0,,,,
901,H054,Кресло мешок с внутренним чехлом Altan 130x100 см Зеленый (H054),Altan,,2250.0,,,,
902,000006872,Протеин BioTechUSA Hydro Whey Zero 454 г 18 servings Vanilla (000006872),BioTechUSA,,1812.0,,,,
903,000009636,Протеин BioTechUSA Vegan Protein 2000 г 80 servings Banana,BioTechUSA,,4771.0,,,,
904,000013603,Протеин Powerful Progress Whey Protein Instant 1000 г 33 servings Cappuccino,Powerful Progress,,2403.0,,,,
905,000014324,Комплекс до тренировки Applied Nutrition Pump 3g ZERO 375 g 25 servings Icy Blue Raz (000014324),Applied Nutrition,,1638.0,,,,
906,000019081,Омега 3 ORIHIRO EPA & DHA Omega-3 455 mg 180 Caps (000019081),ORIHIRO,,1816.0,,,,
907,000022689,Витаминно-минеральный комплекс Biocyte Keratine Gummies 60 Gummies (000022689),Biocyte,,1694.0,,,,
908,000026172,Комплекс для профилактики нервной системы GUNA Fiori di Bach flowers Set completo fiori Bach 40x10 ml (000026172),GUNA,,24562.0,,,,
909,000026184,Комплекс для профилактики работы печени GUNA Epatoguna 32 Tabs (000026184),GUNA,,1705.0,,,,
910,000026191,Аминокомплекс GUNA Gunamino formula SPORT 7.5 g 42 sachet (000026191),GUNA,,6170.0,,,,
911,2764881155,Наушники активные защитные EARMOR M300A Койот (2764881155),EARMOR,,2049.0,,,,
912,000013016,Протеин BSN Syntha-6 EDGE 1060 г 28 servings Chocolate Milkshake (000013016),BSN,,3773.0,,,,
913,2575361329,Набор детский No Brand Standoff 2 3 предмета Разноцветный (01594),No Brand,,1490.0,,,,
914,ShowerCurtains_43Iguana_DUK_180x180_Hook,Шторка для душа и ванной COSAS IGUANA с кольцами 180х180 см Зеленый,COSAS,,2550.0,,,,
915,162PJ32JaPmiS,Женская пижама Perfect Female Молочный S (162PJ-32JaP-mi),Perfect Female,,1600.0,,,,
916,186Pj35Кофта + штани + шорти + топM,Пижама Perfect Female Молочный M (186Pj-35),Perfect Female,,2850.0,,,,
917,186Pj35blШтани + топ + шортиXL,Пижама Perfect Female Черный XL (186Pj-35-bl),Perfect Female,,2080.0,,,,
918,000002335,Витаминно-минеральный комплекс Nature's Plus Animal Parade Gold 180 Chewables Cherry Orange Grape flavors (000002335),Nature's Plus,,1781.0,,,,
919,13933-89760,"Штатная магнитола Lesko Mitsubishi Pajero Sport III ver 2 2015-2019 9"" 6/128Gb 4G Wi-Fi GPS Top (13933-89760)",Lesko,,13999.0,,,18199.0,
920,2589082005,Краска силиконовая для влажных помещений Skyline 7000-N Тумель 10 л (2589082005),Skyline,,4159.0,,,,
921,2104618843,Портативный повербанк ACL PW-140 Power bank 20000 мАч Белый (2104618843),ACL,,1920.0,,,3120.0,
922,11056,Скатерть новогодняя овальная Прованс Carousel 135х240 см Разноцветный,Прованс,,2890.0,,,,
923,21166,Рубашка RiMari Айлиш СО 0323 44 Черный (21166),RiMari,,1985.0,,,,
924,83457104,Усилитель звука карманный Axon C-06 Черный (83457104),Axon,,2701.0,,,2800.0,
925,0.8216.20,Складной нож Victorinox Synergy Alox 93 мм 9 функций Красный (0.8216.20),Victorinox,,4811.0,,,,
926,290145,IP-видеорегистратор Provision ISR NVR12-16400PFAN(1U) 16-канальный (290145),Provision,,21150.0,,,,
927,13320-85171,"Штатная магнитола Lesko Renault Dokker I 2012-2021 9"" 2/32Gb Wi-Fi GPS Base (13320-85171)",Lesko,,5899.0,,,7669.0,
928,13334-85101,"Штатная магнитола Lesko Dacia Sandero II ver 2 2012-2016 9"" 4/32Gb 4G Wi-Fi GPS Top (13334-85101)",Lesko,,9999.0,,,12999.0,
929,skl-kl1000-compl,Набор клея для алмазной мозаики YIKE 2х2 см 1000 шт Красный (skl-kl1000-compl),YIKE,,1600.0,,,,
930,144202,Дверное полотно MS DOORS MEMPHIS 60х200 см Белый матовый Глухое (144202),MS DOORS,,5220.0,,,,
931,15943000042,Платье Lesia Нирела 03 Синий 42 (15943000042),Lesia,,2443.0,,,3490.0,
932,16086000044,Блуза Lesia Крума 21 Белый 44 (16086000044),Lesia,,1790.0,,,,
933,3479525,Детский ортопедический матрас Homefort Kids 8 60x140 см Белый (3479525),Homefort,,2090.0,,,,
934,34768251,Матрас ортопедический Homefort Gold 160х200 см Белый (34768251),Homefort,,17140.0,,,,
935,34973257,Матрас ортопедический Homefort Odesa 120х190 см Белый (34973257),Homefort,,17540.0,,,,
936,VL-4569_Синий-черный_38,Борцовки FISTRAGE VL-4569 Сине-черный 38 (69b125b86c1ca3bd920e63d0),FISTRAGE,,1487.0,,,,
937,VL-4557_Черный-серый_42,Борцовки FISTRAGE VL-4557 Черно-серый 42 (69b125bb6c1ca3bd920e6425),FISTRAGE,,1452.0,,,,
938,10945,Нагрудная камера-регистратор Atis Body Cam 64GB Черный (10945),Atis,,11025.0,,,,
939,2927718992,Пиала Tassen Вкусняшка 0.5 л Белый (2927718992),Tassen,,1850.0,,,,
940,GL14,Набор для виски Gorillas BBQ Молот 2 11 предметов Прозрачный (GL14),Gorillas BBQ,,3799.0,,,5053.0,
941,305626,Кронштейн Fanvil EX612 для врезного монтажа панелей A12/A12V (305626),Fanvil,,1320.0,,,,
942,23066,Рубашка RiMari Бонди 0425 56 Серый (23066),RiMari,,1825.0,,,,
943,2581747994,Органический биостимулятор роста для роз BioBlast RoseBloom 5 л (2581747994),BioBlast,,2699.0,,,,
944,SV-005-O-IP44,"Удлинитель на катушке Svittex 2х1,5 мм² 3680Вт 30 м Оранжевый (SV-005-O-IP44)",Svittex,,1768.0,,,,
945,2000000002279,Солнцезащитные очки женские LuckyLOOK Китти Серый (002-279),LuckyLOOK,,1795.0,,,,
946,1000358,Кровать односпальная Mebel Star Лилу 90х200 см Дуб янтарный (MBS-1348) (1000358),Mebel Star,,7592.0,,,,
947,1002930,Шкаф-купе трехдверный Mebel Star Уни AL 260х45х240 см Кашемир (MBS-2004) (1002930),Mebel Star,,19354.0,,,,
948,1003080,Шкаф-купе трехдверный Mebel Star Комбо AL 240х60х240 см Бетон (MBS-2154) (1003080),Mebel Star,,18021.0,,,,
949,1003305,Шкаф-купе двухдверный Mebel Star Стандарт AL 100х45х210 см Аляска белый (MBS-2351) (1003305),Mebel Star,,8386.0,,,,
950,1003405,Шкаф-купе двухдверный Mebel Star Стандарт AL 110х60х210 см Аляска серый (MBS-2451) (1003405),Mebel Star,,9479.0,,,,
951,1003471,Шкаф-купе двухдверный Mebel Star Стандарт AL 140х60х210 см Аляска белый (MBS-2517) (1003471),Mebel Star,,11574.0,,,,
952,1003497,Шкаф-купе двухдверный Mebel Star Стандарт AL 130х60х210 см Кашемир (MBS-2543) (1003497),Mebel Star,,11147.0,,,,
953,1003523,Шкаф-купе двухдверный Mebel Star Уни AL 90х60х210 см Аляска белый (MBS-2569) (1003523),Mebel Star,,7179.0,,,,
954,1004082,Шкаф-купе трехдверный Mebel Star Стандарт AL 230х60х210 см Бетон (MBS-2949) (1004082),Mebel Star,,15965.0,,,,
955,1004401,Шкаф-купе трехдверный Mebel Star Комбо AL 190х45х210 см Аляска серый (MBS-3231) (1004401),Mebel Star,,14083.0,,,,
956,1004572,Шкаф-купе трехдверный Mebel Star Комбо AL 220х60х210 см Дуб сонома (MBS-3402) (1004572),Mebel Star,,18093.0,,,,
957,1004826,Шкаф-купе двухдверный Mebel Star Стандарт AL 160х60х240 см Бетон (MBS-3642) (1004826),Mebel Star,,11543.0,,,,
958,1004960,Шкаф-купе двухдверный Mebel Star Стандарт AL 150х60х240 см Аляска серый (MBS-3776) (1004960),Mebel Star,,12093.0,,,,
959,1005222,Шкаф-купе двухдверный Mebel Star Уни AL 180х45х240 см Дуб тахо (MBS-4036) (1005222),Mebel Star,,13706.0,,,,
960,1005306,Шкаф-купе двухдверный Mebel Star Комбо AL 150х45х240 см Дуб тахо (MBS-4120) (1005306),Mebel Star,,12028.0,,,,
961,1005854,Шкаф распашной Mebel Star Оскар 120х52х220 см Дуб сонома (MBS-4537) (1005854),Mebel Star,,12439.0,,,,
962,1005897,Шкаф распашной Mebel Star Оскар 120х52х220 см Кашемир (MBS-4585) (1005897),Mebel Star,,14182.0,,,,
963,1006016,Шкаф распашной Mebel Star Оскар 160х52х220 см Дуб тахо (MBS-4708) (1006016),Mebel Star,,18937.0,,,,
964,1006981,Шкаф распашной Mebel Star Оскар 150х52х260 см Бетон (MBS-4971) (1006981),Mebel Star,,22299.0,,,,
965,1007037,Шкаф распашной Mebel Star Оскар 160х52х260 см Дуб сонома (MBS-5027) (1007037),Mebel Star,,25246.0,,,,
966,1007145,Шкаф распашной Mebel Star Оскар 80х52х220 см Серая мышка/Серый (MBS-5127) (1007145),Mebel Star,,11007.0,,,,
967,1007200,Шкаф распашной Mebel Star Оскар 120х52х220 см Кашемир/Кашемир (MBS-5182) (1007200),Mebel Star,,16584.0,,,,
968,1007219,Шкаф распашной Mebel Star Оскар 120х52х220 см Антрацит/Антрацит (MBS-5201) (1007219),Mebel Star,,18610.0,,,,
969,1007519,Шкаф распашной Mebel Star Оскар 160х52х260 см Антрацит/Антрацит (MBS-5502) (1007519),Mebel Star,,29934.0,,,,
970,1008247,Шкаф-купе трехдверный Mebel Star Стандарт BG 220х45х240 см Дуб ристрето (MBS-8836) (1008247),Mebel Star,,17848.0,,,,
971,1009055,Шкаф-купе трехдверный Mebel Star Комбо BG 260х60х210 см Аляска белый (MBS-9066) (1009055),Mebel Star,,18654.0,,,,
972,1009153,Шкаф-купе трехдверный Mebel Star Комбо BG 240х60х210 см Аляска серый (MBS-9164) (1009153),Mebel Star,,17818.0,,,,
973,1009256,Шкаф-купе трехдверный Mebel Star Комбо BG 270х60х210 см Антрацит (MBS-9267) (1009256),Mebel Star,,21394.0,,,,
974,1009500,Шкаф-купе трехдверный Mebel Star Комбо BG 210х45х240 см Аляска серый (MBS-9511) (1009500),Mebel Star,,15263.0,,,,
975,1009833,Шкаф-купе трехдверный Mebel Star Комбо BG 240х60х240 см Кашемир (MBS-9844) (1009833),Mebel Star,,20678.0,,,,
976,12722,IP-видеокамера Provision ISR DH-380IPSN-28 2.8 мм 8 Мп Белый (12722),Provision,,6840.0,,,,
977,550280,Рюкзак школьный YES S-72M Miffy Bunny 19.4 л Коричневый (550280),YES,,4220.0,,,4853.0,
978,10880,Микрофон Audio-Technica AT2020 Черный (10880),Audio-Technica,,4998.75,,,6411.25,
979,23198,Брюки RiMari Дерби 0326 50 Голубой (23198),RiMari,,1860.0,,,,
980,2000000004808,Очки для компьютера женские LuckyLOOK Blue Blocker Разноцветный (004-808) (2000000004808),LuckyLOOK,,1795.0,,,,
981,IBA026B,Переноска для собак и кошек Pet Cat FC-550 IATA 55x31.5x36.4 см Черный (IBA026B),Pet Cat,,4250.0,,,5525.0,
982,hub_cut56a,Китель Family Story Ripstop Base L Пиксель (hub_cut56a),Family Story,,1600.0,,,,
983,202309946,Штатная магнитола TORSSEN 2K Volvo S40 06-12/C30 06-13/C70 04-10 F9464 4G Carplay DSP (202309946),TORSSEN,,21696.0,,,27120.0,
984,191588,Детская машина электрическая Joy RAM RM-69-1 2x45W 24V5Ah Черный (191588),Joy,,14171.0,,,15745.0,
985,M416180037,Кроссовки защитные WURTH Modyf Daily Race S1P BOA 37 Черно-красный (M416180037),WURTH,,8942.4,,,,
986,12785,Видеодомофон Dnake E217W Wi-Fi Black (12785),Dnake,,7599.0,,,,
987,hub_grvbzl,Штаны джогеры Family Story Ripstop 48 Мультикам (hub_grvbzl),Family Story,,1350.0,,,,
988,44550,Звезда для шатуна FSA E-Bike Bosch Gen3 38T CL 50.5мм Черный (6731С),FSA,,1335.0,,,,
989,193224,Самокат трехколесный Best Scooter M-511 Голубой (193224),Best Scooter,,1552.0,,,1725.0,
990,12997,IP-видеорегистратор VIAsecurity VS-N2432 Black (12997),VIAsecurity,,15300.0,,,,
991,13993,Кронштейн телескопический универсальный Atis AWB-150300 150-300 см White (13993),Atis,,1716.0,,,,
992,14039,Комплект IP-видеонаблюдения CYVIO POE Dome 2Kit 4MP N2402D Белый (14039),CYVIO,,16490.0,,,,
993,ERJBP03961,Рюкзак женский Roxy Here You Are 2 23 л Разноцветный (ERJBP03961),Roxy,,1595.0,,,,
994,16714000044,Брюки Lesia 1568/2026 Синий 44 (16714000044),Lesia,,1445.0,,,2890.0,
995,16326000050,Блуза Lesia Тенат 12 Белый 50 (16326000050),Lesia,,2392.0,,,2990.0,
996,2000000014258,Мужское пальто Sun`s House 52 Бежевый (AP-2475-beige),Sun`s House,,5995.0,,,11990.0,
997,OB-00064_Черный_45,Шлепанцы спортивные сабо Health HIWINGSslipper OB-00064 Черный 45 (6a79d9c33cb2cc627b098dfd),Health,,1440.0,,,,
998,2104619588,Портативная колонка No Brand ZXX-1520 300 Вт Bluetooth Черный (2104619588),No Brand,,6879.0,,,7500.0,
999,KTM0004SES,Смарт-часы тактические Kospet Tank M4 Special Edition Silver (KTM0004SES),Kospet,,9655.0,,,9999.0,
